=== PRE-FILTER: Extract target cluster rows from 50GB opinions CSV ===

Target clusters: 6718
Using: C:\Program Files\Git\usr\bin\bzcat.exe
Header verified: column 21 = "cluster_id"
Streaming...

  2.0M lines, 0 matched, 118245 lines/sec, ~2.6%, ETA ~10 min
  4.0M lines, 0 matched, 123920 lines/sec, ~5.3%, ETA ~10 min
  6.0M lines, 0 matched, 131443 lines/sec, ~7.9%, ETA ~9 min
  8.0M lines, 0 matched, 136179 lines/sec, ~10.5%, ETA ~8 min
  10.0M lines, 0 matched, 134964 lines/sec, ~13.2%, ETA ~8 min
  12.0M lines, 0 matched, 136659 lines/sec, ~15.8%, ETA ~8 min
  14.0M lines, 0 matched, 135897 lines/sec, ~18.4%, ETA ~8 min
  16.0M lines, 0 matched, 140138 lines/sec, ~21.1%, ETA ~7 min
  18.0M lines, 0 matched, 141418 lines/sec, ~23.7%, ETA ~7 min
  20.0M lines, 0 matched, 139783 lines/sec, ~26.3%, ETA ~7 min
  22.0M lines, 0 matched, 140743 lines/sec, ~28.9%, ETA ~6 min
  24.0M lines, 0 matched, 140135 lines/sec, ~31.6%, ETA ~6 min
  26.0M lines, 0 matched, 141319 lines/sec, ~34.2%, ETA ~6 min
  28.0M lines, 0 matched, 143761 lines/sec, ~36.8%, ETA ~6 min
  30.0M lines, 0 matched, 145403 lines/sec, ~39.5%, ETA ~5 min
  32.0M lines, 0 matched, 148900 lines/sec, ~42.1%, ETA ~5 min
  34.0M lines, 0 matched, 150777 lines/sec, ~44.7%, ETA ~5 min
  36.0M lines, 0 matched, 151276 lines/sec, ~47.4%, ETA ~4 min
  38.0M lines, 0 matched, 151741 lines/sec, ~50.0%, ETA ~4 min
  40.0M lines, 0 matched, 151196 lines/sec, ~52.6%, ETA ~4 min
  42.0M lines, 0 matched, 150755 lines/sec, ~55.3%, ETA ~4 min
  44.0M lines, 0 matched, 152092 lines/sec, ~57.9%, ETA ~4 min
  46.0M lines, 0 matched, 150748 lines/sec, ~60.5%, ETA ~3 min
  48.0M lines, 0 matched, 152205 lines/sec, ~63.2%, ETA ~3 min
  50.0M lines, 0 matched, 152582 lines/sec, ~65.8%, ETA ~3 min
  52.0M lines, 0 matched, 153239 lines/sec, ~68.4%, ETA ~3 min
  54.0M lines, 0 matched, 155124 lines/sec, ~71.1%, ETA ~2 min
  56.0M lines, 0 matched, 155474 lines/sec, ~73.7%, ETA ~2 min
  58.0M lines, 0 matched, 155072 lines/sec, ~76.3%, ETA ~2 min
  60.0M lines, 0 matched, 155439 lines/sec, ~78.9%, ETA ~2 min
  62.0M lines, 0 matched, 154209 lines/sec, ~81.6%, ETA ~2 min
  64.0M lines, 0 matched, 153510 lines/sec, ~84.2%, ETA ~1 min
  66.0M lines, 0 matched, 154666 lines/sec, ~86.8%, ETA ~1 min
  68.0M lines, 0 matched, 155552 lines/sec, ~89.5%, ETA ~1 min
  70.0M lines, 0 matched, 156108 lines/sec, ~92.1%, ETA ~1 min
  72.0M lines, 0 matched, 157500 lines/sec, ~94.7%, ETA ~0 min
  74.0M lines, 0 matched, 158045 lines/sec, ~97.4%, ETA ~0 min
  76.0M lines, 0 matched, 158659 lines/sec, ~100.0%, ETA ~0 min
  78.0M lines, 0 matched, 159474 lines/sec, ~102.6%, ETA ~-0 min
  80.0M lines, 0 matched, 160251 lines/sec, ~105.3%, ETA ~-0 min
  82.0M lines, 0 matched, 160952 lines/sec, ~107.9%, ETA ~-1 min
  84.0M lines, 0 matched, 159805 lines/sec, ~110.5%, ETA ~-1 min
  86.0M lines, 0 matched, 159874 lines/sec, ~113.2%, ETA ~-1 min
  88.0M lines, 0 matched, 160248 lines/sec, ~115.8%, ETA ~-1 min
  90.0M lines, 0 matched, 160401 lines/sec, ~118.4%, ETA ~-1 min
  92.0M lines, 0 matched, 159490 lines/sec, ~121.1%, ETA ~-2 min
  94.0M lines, 0 matched, 159397 lines/sec, ~123.7%, ETA ~-2 min
  96.0M lines, 0 matched, 159152 lines/sec, ~126.3%, ETA ~-2 min
  98.0M lines, 0 matched, 158966 lines/sec, ~128.9%, ETA ~-2 min
  100.0M lines, 0 matched, 158783 lines/sec, ~131.6%, ETA ~-3 min
  102.0M lines, 0 matched, 159270 lines/sec, ~134.2%, ETA ~-3 min
  104.0M lines, 0 matched, 158605 lines/sec, ~136.8%, ETA ~-3 min
  106.0M lines, 0 matched, 157884 lines/sec, ~139.5%, ETA ~-3 min
  108.0M lines, 0 matched, 158115 lines/sec, ~142.1%, ETA ~-3 min
  110.0M lines, 0 matched, 157358 lines/sec, ~144.7%, ETA ~-4 min
  112.0M lines, 0 matched, 157487 lines/sec, ~147.4%, ETA ~-4 min
  114.0M lines, 0 matched, 156103 lines/sec, ~150.0%, ETA ~-4 min
  116.0M lines, 0 matched, 154134 lines/sec, ~152.6%, ETA ~-4 min
  118.0M lines, 0 matched, 153988 lines/sec, ~155.3%, ETA ~-5 min
  120.0M lines, 0 matched, 153275 lines/sec, ~157.9%, ETA ~-5 min
  122.0M lines, 0 matched, 153256 lines/sec, ~160.5%, ETA ~-5 min
  124.0M lines, 0 matched, 153546 lines/sec, ~163.2%, ETA ~-5 min
  126.0M lines, 0 matched, 153948 lines/sec, ~165.8%, ETA ~-5 min
  128.0M lines, 0 matched, 154186 lines/sec, ~168.4%, ETA ~-6 min
  130.0M lines, 0 matched, 154224 lines/sec, ~171.1%, ETA ~-6 min
  132.0M lines, 0 matched, 154871 lines/sec, ~173.7%, ETA ~-6 min
  134.0M lines, 0 matched, 155206 lines/sec, ~176.3%, ETA ~-6 min
  136.0M lines, 0 matched, 155866 lines/sec, ~178.9%, ETA ~-6 min
  138.0M lines, 0 matched, 156204 lines/sec, ~181.6%, ETA ~-7 min
  140.0M lines, 0 matched, 156657 lines/sec, ~184.2%, ETA ~-7 min
  142.0M lines, 0 matched, 157255 lines/sec, ~186.8%, ETA ~-7 min
  144.0M lines, 0 matched, 157837 lines/sec, ~189.5%, ETA ~-7 min
  146.0M lines, 0 matched, 158415 lines/sec, ~192.1%, ETA ~-7 min
  148.0M lines, 0 matched, 158921 lines/sec, ~194.7%, ETA ~-8 min
  150.0M lines, 0 matched, 159559 lines/sec, ~197.4%, ETA ~-8 min
  152.0M lines, 2 matched, 160360 lines/sec, ~200.0%, ETA ~-8 min
  154.0M lines, 2 matched, 160824 lines/sec, ~202.6%, ETA ~-8 min
  156.0M lines, 2 matched, 161160 lines/sec, ~205.3%, ETA ~-8 min
  158.0M lines, 2 matched, 161789 lines/sec, ~207.9%, ETA ~-8 min
  160.0M lines, 2 matched, 161849 lines/sec, ~210.5%, ETA ~-9 min
  162.0M lines, 2 matched, 162387 lines/sec, ~213.2%, ETA ~-9 min
  164.0M lines, 2 matched, 162998 lines/sec, ~215.8%, ETA ~-9 min
  166.0M lines, 2 matched, 163542 lines/sec, ~218.4%, ETA ~-9 min
  168.0M lines, 2 matched, 164227 lines/sec, ~221.1%, ETA ~-9 min
  170.0M lines, 2 matched, 165087 lines/sec, ~223.7%, ETA ~-9 min
  172.0M lines, 2 matched, 165771 lines/sec, ~226.3%, ETA ~-10 min
  174.0M lines, 2 matched, 166746 lines/sec, ~228.9%, ETA ~-10 min
  176.0M lines, 2 matched, 166731 lines/sec, ~231.6%, ETA ~-10 min
  178.0M lines, 2 matched, 167264 lines/sec, ~234.2%, ETA ~-10 min
  180.0M lines, 2 matched, 167936 lines/sec, ~236.8%, ETA ~-10 min
  182.0M lines, 2 matched, 168723 lines/sec, ~239.5%, ETA ~-10 min
  184.0M lines, 2 matched, 169613 lines/sec, ~242.1%, ETA ~-11 min
  186.0M lines, 2 matched, 170257 lines/sec, ~244.7%, ETA ~-11 min
  188.0M lines, 2 matched, 170952 lines/sec, ~247.4%, ETA ~-11 min
  190.0M lines, 2 matched, 171771 lines/sec, ~250.0%, ETA ~-11 min
  192.0M lines, 2 matched, 172533 lines/sec, ~252.6%, ETA ~-11 min
  194.0M lines, 2 matched, 173016 lines/sec, ~255.3%, ETA ~-11 min
  196.0M lines, 2 matched, 173841 lines/sec, ~257.9%, ETA ~-12 min
  198.0M lines, 2 matched, 174828 lines/sec, ~260.5%, ETA ~-12 min
  200.0M lines, 2 matched, 175382 lines/sec, ~263.2%, ETA ~-12 min
  202.0M lines, 2 matched, 175984 lines/sec, ~265.8%, ETA ~-12 min
  204.0M lines, 2 matched, 176914 lines/sec, ~268.4%, ETA ~-12 min
  206.0M lines, 2 matched, 177839 lines/sec, ~271.1%, ETA ~-12 min
  208.0M lines, 2 matched, 178673 lines/sec, ~273.7%, ETA ~-12 min
  210.0M lines, 2 matched, 179199 lines/sec, ~276.3%, ETA ~-12 min
  212.0M lines, 2 matched, 179987 lines/sec, ~278.9%, ETA ~-13 min
  214.0M lines, 2 matched, 180818 lines/sec, ~281.6%, ETA ~-13 min
  216.0M lines, 2 matched, 181639 lines/sec, ~284.2%, ETA ~-13 min
  218.0M lines, 2 matched, 182408 lines/sec, ~286.8%, ETA ~-13 min
  220.0M lines, 2 matched, 182683 lines/sec, ~289.5%, ETA ~-13 min
  222.0M lines, 2 matched, 183306 lines/sec, ~292.1%, ETA ~-13 min
  224.0M lines, 2 matched, 184092 lines/sec, ~294.7%, ETA ~-13 min
  226.0M lines, 2 matched, 184888 lines/sec, ~297.4%, ETA ~-14 min
  228.0M lines, 2 matched, 185661 lines/sec, ~300.0%, ETA ~-14 min
  230.0M lines, 2 matched, 186354 lines/sec, ~302.6%, ETA ~-14 min
  232.0M lines, 2 matched, 187038 lines/sec, ~305.3%, ETA ~-14 min
  234.0M lines, 2 matched, 187534 lines/sec, ~307.9%, ETA ~-14 min
  236.0M lines, 2 matched, 188136 lines/sec, ~310.5%, ETA ~-14 min
  238.0M lines, 2 matched, 188000 lines/sec, ~313.2%, ETA ~-14 min
  240.0M lines, 2 matched, 188778 lines/sec, ~315.8%, ETA ~-14 min
  242.0M lines, 2 matched, 189514 lines/sec, ~318.4%, ETA ~-15 min
  244.0M lines, 2 matched, 190266 lines/sec, ~321.1%, ETA ~-15 min
  246.0M lines, 2 matched, 191055 lines/sec, ~323.7%, ETA ~-15 min
  248.0M lines, 2 matched, 191820 lines/sec, ~326.3%, ETA ~-15 min
  250.0M lines, 2 matched, 192551 lines/sec, ~328.9%, ETA ~-15 min
  252.0M lines, 2 matched, 193328 lines/sec, ~331.6%, ETA ~-15 min
  254.0M lines, 2 matched, 194058 lines/sec, ~334.2%, ETA ~-15 min
  256.0M lines, 2 matched, 194835 lines/sec, ~336.8%, ETA ~-15 min
  258.0M lines, 2 matched, 195502 lines/sec, ~339.5%, ETA ~-16 min
  260.0M lines, 2 matched, 195873 lines/sec, ~342.1%, ETA ~-16 min
  262.0M lines, 2 matched, 196491 lines/sec, ~344.7%, ETA ~-16 min
  264.0M lines, 2 matched, 196947 lines/sec, ~347.4%, ETA ~-16 min
  266.0M lines, 2 matched, 197652 lines/sec, ~350.0%, ETA ~-16 min
  268.0M lines, 2 matched, 198329 lines/sec, ~352.6%, ETA ~-16 min
  270.0M lines, 2 matched, 199039 lines/sec, ~355.3%, ETA ~-16 min
  272.0M lines, 2 matched, 199709 lines/sec, ~357.9%, ETA ~-16 min
  274.0M lines, 2 matched, 200055 lines/sec, ~360.5%, ETA ~-16 min
  276.0M lines, 2 matched, 200508 lines/sec, ~363.2%, ETA ~-17 min
  278.0M lines, 2 matched, 201128 lines/sec, ~365.8%, ETA ~-17 min
  280.0M lines, 2 matched, 201761 lines/sec, ~368.4%, ETA ~-17 min
  282.0M lines, 2 matched, 202157 lines/sec, ~371.1%, ETA ~-17 min
  284.0M lines, 2 matched, 202703 lines/sec, ~373.7%, ETA ~-17 min
  286.0M lines, 2 matched, 203287 lines/sec, ~376.3%, ETA ~-17 min
  288.0M lines, 2 matched, 203160 lines/sec, ~378.9%, ETA ~-17 min
  290.0M lines, 2 matched, 203274 lines/sec, ~381.6%, ETA ~-18 min
  292.0M lines, 2 matched, 203528 lines/sec, ~384.2%, ETA ~-18 min
  294.0M lines, 2 matched, 203684 lines/sec, ~386.8%, ETA ~-18 min
  296.0M lines, 2 matched, 204204 lines/sec, ~389.5%, ETA ~-18 min
  298.0M lines, 2 matched, 204518 lines/sec, ~392.1%, ETA ~-18 min
  300.0M lines, 2 matched, 204762 lines/sec, ~394.7%, ETA ~-18 min
  302.0M lines, 2 matched, 205127 lines/sec, ~397.4%, ETA ~-18 min
  304.0M lines, 2 matched, 205576 lines/sec, ~400.0%, ETA ~-18 min
  306.0M lines, 2 matched, 205991 lines/sec, ~402.6%, ETA ~-19 min
  308.0M lines, 2 matched, 206563 lines/sec, ~405.3%, ETA ~-19 min
  310.0M lines, 2 matched, 207082 lines/sec, ~407.9%, ETA ~-19 min
  312.0M lines, 2 matched, 207528 lines/sec, ~410.5%, ETA ~-19 min
  314.0M lines, 2 matched, 207967 lines/sec, ~413.2%, ETA ~-19 min
  316.0M lines, 2 matched, 208457 lines/sec, ~415.8%, ETA ~-19 min
  318.0M lines, 2 matched, 208796 lines/sec, ~418.4%, ETA ~-19 min
  320.0M lines, 2 matched, 209038 lines/sec, ~421.1%, ETA ~-19 min
  322.0M lines, 2 matched, 208509 lines/sec, ~423.7%, ETA ~-20 min
  324.0M lines, 2 matched, 207904 lines/sec, ~426.3%, ETA ~-20 min
  326.0M lines, 2 matched, 207554 lines/sec, ~428.9%, ETA ~-20 min
  328.0M lines, 2 matched, 207014 lines/sec, ~431.6%, ETA ~-20 min
  330.0M lines, 2 matched, 206476 lines/sec, ~434.2%, ETA ~-21 min
  332.0M lines, 2 matched, 205364 lines/sec, ~436.8%, ETA ~-21 min
  334.0M lines, 2 matched, 203982 lines/sec, ~439.5%, ETA ~-21 min
  336.0M lines, 2 matched, 203092 lines/sec, ~442.1%, ETA ~-21 min
  338.0M lines, 2 matched, 201951 lines/sec, ~444.7%, ETA ~-22 min
  340.0M lines, 2 matched, 201180 lines/sec, ~447.4%, ETA ~-22 min
  342.0M lines, 2 matched, 200143 lines/sec, ~450.0%, ETA ~-22 min
  344.0M lines, 2 matched, 199261 lines/sec, ~452.6%, ETA ~-22 min
  346.0M lines, 2 matched, 198403 lines/sec, ~455.3%, ETA ~-23 min
  348.0M lines, 2 matched, 197285 lines/sec, ~457.9%, ETA ~-23 min
  350.0M lines, 2 matched, 196303 lines/sec, ~460.5%, ETA ~-23 min
  352.0M lines, 2 matched, 195540 lines/sec, ~463.2%, ETA ~-24 min
  354.0M lines, 2 matched, 195042 lines/sec, ~465.8%, ETA ~-24 min
  356.0M lines, 2 matched, 194298 lines/sec, ~468.4%, ETA ~-24 min
  358.0M lines, 2 matched, 193722 lines/sec, ~471.1%, ETA ~-24 min
  360.0M lines, 2 matched, 193122 lines/sec, ~473.7%, ETA ~-25 min
  362.0M lines, 2 matched, 192251 lines/sec, ~476.3%, ETA ~-25 min
  364.0M lines, 2 matched, 191236 lines/sec, ~478.9%, ETA ~-25 min
  366.0M lines, 2 matched, 190306 lines/sec, ~481.6%, ETA ~-25 min
  368.0M lines, 2 matched, 189393 lines/sec, ~484.2%, ETA ~-26 min
  370.0M lines, 2 matched, 189128 lines/sec, ~486.8%, ETA ~-26 min
  372.0M lines, 2 matched, 189294 lines/sec, ~489.5%, ETA ~-26 min
  374.0M lines, 2 matched, 189495 lines/sec, ~492.1%, ETA ~-26 min
  376.0M lines, 2 matched, 189350 lines/sec, ~494.7%, ETA ~-26 min
  378.0M lines, 2 matched, 189238 lines/sec, ~497.4%, ETA ~-27 min
  380.0M lines, 2 matched, 189231 lines/sec, ~500.0%, ETA ~-27 min
  382.0M lines, 2 matched, 189219 lines/sec, ~502.6%, ETA ~-27 min
  384.0M lines, 2 matched, 189375 lines/sec, ~505.3%, ETA ~-27 min
  386.0M lines, 2 matched, 189287 lines/sec, ~507.9%, ETA ~-27 min
  388.0M lines, 2 matched, 188991 lines/sec, ~510.5%, ETA ~-28 min
  390.0M lines, 2 matched, 188867 lines/sec, ~513.2%, ETA ~-28 min
  392.0M lines, 2 matched, 188756 lines/sec, ~515.8%, ETA ~-28 min
  394.0M lines, 2 matched, 188796 lines/sec, ~518.4%, ETA ~-28 min
  396.0M lines, 2 matched, 188633 lines/sec, ~521.1%, ETA ~-28 min
  398.0M lines, 2 matched, 188569 lines/sec, ~523.7%, ETA ~-28 min
  400.0M lines, 2 matched, 188404 lines/sec, ~526.3%, ETA ~-29 min
  402.0M lines, 2 matched, 188350 lines/sec, ~528.9%, ETA ~-29 min
  404.0M lines, 2 matched, 188308 lines/sec, ~531.6%, ETA ~-29 min
  406.0M lines, 2 matched, 188468 lines/sec, ~534.2%, ETA ~-29 min
  408.0M lines, 2 matched, 188600 lines/sec, ~536.8%, ETA ~-29 min
  410.0M lines, 2 matched, 188553 lines/sec, ~539.5%, ETA ~-30 min
  412.0M lines, 2 matched, 188560 lines/sec, ~542.1%, ETA ~-30 min
  414.0M lines, 2 matched, 188425 lines/sec, ~544.7%, ETA ~-30 min
  416.0M lines, 2 matched, 188441 lines/sec, ~547.4%, ETA ~-30 min
  418.0M lines, 2 matched, 188264 lines/sec, ~550.0%, ETA ~-30 min
  420.0M lines, 2 matched, 188150 lines/sec, ~552.6%, ETA ~-30 min
  422.0M lines, 2 matched, 187954 lines/sec, ~555.3%, ETA ~-31 min
  424.0M lines, 2 matched, 187599 lines/sec, ~557.9%, ETA ~-31 min
  426.0M lines, 2 matched, 187345 lines/sec, ~560.5%, ETA ~-31 min
  428.0M lines, 2 matched, 187105 lines/sec, ~563.2%, ETA ~-31 min
  430.0M lines, 2 matched, 186890 lines/sec, ~565.8%, ETA ~-32 min
  432.0M lines, 2 matched, 186618 lines/sec, ~568.4%, ETA ~-32 min
  434.0M lines, 2 matched, 186353 lines/sec, ~571.1%, ETA ~-32 min
  436.0M lines, 2 matched, 185933 lines/sec, ~573.7%, ETA ~-32 min
  438.0M lines, 2 matched, 185555 lines/sec, ~576.3%, ETA ~-33 min
  440.0M lines, 2 matched, 185369 lines/sec, ~578.9%, ETA ~-33 min
  442.0M lines, 2 matched, 185360 lines/sec, ~581.6%, ETA ~-33 min
  444.0M lines, 2 matched, 185345 lines/sec, ~584.2%, ETA ~-33 min
  446.0M lines, 2 matched, 185318 lines/sec, ~586.8%, ETA ~-33 min
  448.0M lines, 2 matched, 185273 lines/sec, ~589.5%, ETA ~-33 min
  450.0M lines, 2 matched, 185119 lines/sec, ~592.1%, ETA ~-34 min
  452.0M lines, 2 matched, 185048 lines/sec, ~594.7%, ETA ~-34 min
  454.0M lines, 2 matched, 184631 lines/sec, ~597.4%, ETA ~-34 min
  456.0M lines, 2 matched, 184382 lines/sec, ~600.0%, ETA ~-34 min
  458.0M lines, 2 matched, 184157 lines/sec, ~602.6%, ETA ~-35 min
  460.0M lines, 2 matched, 183833 lines/sec, ~605.3%, ETA ~-35 min
  462.0M lines, 2 matched, 183432 lines/sec, ~607.9%, ETA ~-35 min
  464.0M lines, 2 matched, 183286 lines/sec, ~610.5%, ETA ~-35 min
  466.0M lines, 2 matched, 183125 lines/sec, ~613.2%, ETA ~-35 min
  468.0M lines, 2 matched, 182865 lines/sec, ~615.8%, ETA ~-36 min
  470.0M lines, 2 matched, 182700 lines/sec, ~618.4%, ETA ~-36 min
  472.0M lines, 2 matched, 182555 lines/sec, ~621.1%, ETA ~-36 min
  474.0M lines, 2 matched, 182274 lines/sec, ~623.7%, ETA ~-36 min
  476.0M lines, 2 matched, 182310 lines/sec, ~626.3%, ETA ~-37 min
  478.0M lines, 2 matched, 182457 lines/sec, ~628.9%, ETA ~-37 min
  480.0M lines, 2 matched, 182387 lines/sec, ~631.6%, ETA ~-37 min
  482.0M lines, 2 matched, 182327 lines/sec, ~634.2%, ETA ~-37 min
  484.0M lines, 2 matched, 182404 lines/sec, ~636.8%, ETA ~-37 min
  486.0M lines, 2 matched, 182447 lines/sec, ~639.5%, ETA ~-37 min
  488.0M lines, 2 matched, 182458 lines/sec, ~642.1%, ETA ~-38 min
  490.0M lines, 2 matched, 182477 lines/sec, ~644.7%, ETA ~-38 min
  492.0M lines, 2 matched, 182398 lines/sec, ~647.4%, ETA ~-38 min
  494.0M lines, 2 matched, 182365 lines/sec, ~650.0%, ETA ~-38 min
  496.0M lines, 2 matched, 182283 lines/sec, ~652.6%, ETA ~-38 min
  498.0M lines, 2 matched, 182247 lines/sec, ~655.3%, ETA ~-39 min
  500.0M lines, 2 matched, 182030 lines/sec, ~657.9%, ETA ~-39 min
  502.0M lines, 2 matched, 181719 lines/sec, ~660.5%, ETA ~-39 min
  504.0M lines, 2 matched, 181836 lines/sec, ~663.2%, ETA ~-39 min
  506.0M lines, 2 matched, 181973 lines/sec, ~665.8%, ETA ~-39 min
  508.0M lines, 2 matched, 181911 lines/sec, ~668.4%, ETA ~-40 min
  510.0M lines, 2 matched, 181812 lines/sec, ~671.1%, ETA ~-40 min
  512.0M lines, 2 matched, 181663 lines/sec, ~673.7%, ETA ~-40 min
  514.0M lines, 2 matched, 181497 lines/sec, ~676.3%, ETA ~-40 min
  516.0M lines, 2 matched, 181386 lines/sec, ~678.9%, ETA ~-40 min
  518.0M lines, 2 matched, 181536 lines/sec, ~681.6%, ETA ~-41 min
  520.0M lines, 2 matched, 181578 lines/sec, ~684.2%, ETA ~-41 min
  522.0M lines, 2 matched, 181473 lines/sec, ~686.8%, ETA ~-41 min
  524.0M lines, 2 matched, 181361 lines/sec, ~689.5%, ETA ~-41 min
  526.0M lines, 2 matched, 181375 lines/sec, ~692.1%, ETA ~-41 min
  528.0M lines, 2 matched, 181291 lines/sec, ~694.7%, ETA ~-42 min
  530.0M lines, 2 matched, 180245 lines/sec, ~697.4%, ETA ~-42 min
  532.0M lines, 2 matched, 179186 lines/sec, ~700.0%, ETA ~-42 min
  534.0M lines, 2 matched, 179129 lines/sec, ~702.6%, ETA ~-43 min
  536.0M lines, 2 matched, 178810 lines/sec, ~705.3%, ETA ~-43 min
  538.0M lines, 2 matched, 178072 lines/sec, ~707.9%, ETA ~-43 min
  540.0M lines, 2 matched, 177770 lines/sec, ~710.5%, ETA ~-44 min
  542.0M lines, 2 matched, 176834 lines/sec, ~713.2%, ETA ~-44 min
  544.0M lines, 2 matched, 175615 lines/sec, ~715.8%, ETA ~-44 min
  546.0M lines, 2 matched, 174335 lines/sec, ~718.4%, ETA ~-45 min
  548.0M lines, 2 matched, 173210 lines/sec, ~721.1%, ETA ~-45 min
  550.0M lines, 2 matched, 171297 lines/sec, ~723.7%, ETA ~-46 min
  552.0M lines, 2 matched, 170604 lines/sec, ~726.3%, ETA ~-47 min
  554.0M lines, 2 matched, 170089 lines/sec, ~728.9%, ETA ~-47 min
  556.0M lines, 2 matched, 169855 lines/sec, ~731.6%, ETA ~-47 min
  558.0M lines, 2 matched, 169638 lines/sec, ~734.2%, ETA ~-47 min
  560.0M lines, 2 matched, 169553 lines/sec, ~736.8%, ETA ~-48 min
  562.0M lines, 2 matched, 169462 lines/sec, ~739.5%, ETA ~-48 min
  564.0M lines, 2 matched, 168430 lines/sec, ~742.1%, ETA ~-48 min
  566.0M lines, 2 matched, 168059 lines/sec, ~744.7%, ETA ~-49 min
  568.0M lines, 2 matched, 166961 lines/sec, ~747.4%, ETA ~-49 min
  570.0M lines, 2 matched, 165991 lines/sec, ~750.0%, ETA ~-50 min
  572.0M lines, 2 matched, 165558 lines/sec, ~752.6%, ETA ~-50 min
  574.0M lines, 2 matched, 165210 lines/sec, ~755.3%, ETA ~-50 min
  576.0M lines, 2 matched, 164958 lines/sec, ~757.9%, ETA ~-51 min
  578.0M lines, 2 matched, 164937 lines/sec, ~760.5%, ETA ~-51 min
  580.0M lines, 2 matched, 164373 lines/sec, ~763.2%, ETA ~-51 min
  582.0M lines, 2 matched, 164592 lines/sec, ~765.8%, ETA ~-51 min
  584.0M lines, 2 matched, 164870 lines/sec, ~768.4%, ETA ~-51 min
  586.0M lines, 2 matched, 164531 lines/sec, ~771.1%, ETA ~-52 min
  588.0M lines, 2 matched, 164495 lines/sec, ~773.7%, ETA ~-52 min
  590.0M lines, 2 matched, 164336 lines/sec, ~776.3%, ETA ~-52 min
  592.0M lines, 2 matched, 163957 lines/sec, ~778.9%, ETA ~-52 min
  594.0M lines, 2 matched, 163922 lines/sec, ~781.6%, ETA ~-53 min
  596.0M lines, 2 matched, 163900 lines/sec, ~784.2%, ETA ~-53 min
  598.0M lines, 2 matched, 163706 lines/sec, ~786.8%, ETA ~-53 min
  600.0M lines, 2 matched, 163928 lines/sec, ~789.5%, ETA ~-53 min
  602.0M lines, 2 matched, 164199 lines/sec, ~792.1%, ETA ~-53 min
  604.0M lines, 2 matched, 163722 lines/sec, ~794.7%, ETA ~-54 min
  606.0M lines, 2 matched, 163496 lines/sec, ~797.4%, ETA ~-54 min
  608.0M lines, 2 matched, 163163 lines/sec, ~800.0%, ETA ~-54 min
  610.0M lines, 2 matched, 162887 lines/sec, ~802.6%, ETA ~-55 min
  612.0M lines, 2 matched, 162570 lines/sec, ~805.3%, ETA ~-55 min
  614.0M lines, 2 matched, 162131 lines/sec, ~807.9%, ETA ~-55 min
  616.0M lines, 2 matched, 161949 lines/sec, ~810.5%, ETA ~-56 min
  618.0M lines, 2 matched, 161444 lines/sec, ~813.2%, ETA ~-56 min
  620.0M lines, 2 matched, 161291 lines/sec, ~815.8%, ETA ~-56 min
  622.0M lines, 2 matched, 161050 lines/sec, ~818.4%, ETA ~-57 min
  624.0M lines, 2 matched, 161096 lines/sec, ~821.1%, ETA ~-57 min
  626.0M lines, 2 matched, 161023 lines/sec, ~823.7%, ETA ~-57 min
  628.0M lines, 2 matched, 160519 lines/sec, ~826.3%, ETA ~-57 min
  630.0M lines, 2 matched, 160163 lines/sec, ~828.9%, ETA ~-58 min
  632.0M lines, 2 matched, 159516 lines/sec, ~831.6%, ETA ~-58 min
  634.0M lines, 2 matched, 159453 lines/sec, ~834.2%, ETA ~-58 min
  636.0M lines, 2 matched, 159724 lines/sec, ~836.8%, ETA ~-58 min
  638.0M lines, 2 matched, 159949 lines/sec, ~839.5%, ETA ~-59 min
  640.0M lines, 2 matched, 160242 lines/sec, ~842.1%, ETA ~-59 min
  642.0M lines, 2 matched, 160469 lines/sec, ~844.7%, ETA ~-59 min
  644.0M lines, 2 matched, 160756 lines/sec, ~847.4%, ETA ~-59 min
  646.0M lines, 2 matched, 160976 lines/sec, ~850.0%, ETA ~-59 min
  648.0M lines, 2 matched, 161008 lines/sec, ~852.6%, ETA ~-59 min
  650.0M lines, 2 matched, 161226 lines/sec, ~855.3%, ETA ~-59 min
  652.0M lines, 2 matched, 161104 lines/sec, ~857.9%, ETA ~-60 min
  654.0M lines, 2 matched, 160955 lines/sec, ~860.5%, ETA ~-60 min
  656.0M lines, 2 matched, 160949 lines/sec, ~863.2%, ETA ~-60 min
  658.0M lines, 2 matched, 161041 lines/sec, ~865.8%, ETA ~-60 min
  660.0M lines, 2 matched, 161250 lines/sec, ~868.4%, ETA ~-60 min
  662.0M lines, 2 matched, 161439 lines/sec, ~871.1%, ETA ~-60 min
  664.0M lines, 2 matched, 161652 lines/sec, ~873.7%, ETA ~-61 min
  666.0M lines, 2 matched, 161803 lines/sec, ~876.3%, ETA ~-61 min
  668.0M lines, 2 matched, 161934 lines/sec, ~878.9%, ETA ~-61 min
  670.0M lines, 2 matched, 161987 lines/sec, ~881.6%, ETA ~-61 min
  672.0M lines, 2 matched, 162151 lines/sec, ~884.2%, ETA ~-61 min
  674.0M lines, 2 matched, 162391 lines/sec, ~886.8%, ETA ~-61 min
  676.0M lines, 2 matched, 162502 lines/sec, ~889.5%, ETA ~-62 min
  678.0M lines, 2 matched, 162642 lines/sec, ~892.1%, ETA ~-62 min
  680.0M lines, 2 matched, 162661 lines/sec, ~894.7%, ETA ~-62 min
  682.0M lines, 2 matched, 162414 lines/sec, ~897.4%, ETA ~-62 min
  684.0M lines, 2 matched, 162671 lines/sec, ~900.0%, ETA ~-62 min
  686.0M lines, 2 matched, 162894 lines/sec, ~902.6%, ETA ~-62 min
  688.0M lines, 2 matched, 162950 lines/sec, ~905.3%, ETA ~-63 min
  690.0M lines, 2 matched, 163190 lines/sec, ~907.9%, ETA ~-63 min
  692.0M lines, 3 matched, 162601 lines/sec, ~910.5%, ETA ~-63 min
  694.0M lines, 3 matched, 161770 lines/sec, ~913.2%, ETA ~-64 min
  696.0M lines, 3 matched, 161798 lines/sec, ~915.8%, ETA ~-64 min
  698.0M lines, 3 matched, 161746 lines/sec, ~918.4%, ETA ~-64 min
  700.0M lines, 3 matched, 161401 lines/sec, ~921.1%, ETA ~-64 min
  702.0M lines, 3 matched, 161268 lines/sec, ~923.7%, ETA ~-65 min
  704.0M lines, 3 matched, 160976 lines/sec, ~926.3%, ETA ~-65 min
  706.0M lines, 3 matched, 160918 lines/sec, ~928.9%, ETA ~-65 min
  708.0M lines, 3 matched, 160516 lines/sec, ~931.6%, ETA ~-66 min
  710.0M lines, 3 matched, 160759 lines/sec, ~934.2%, ETA ~-66 min
  712.0M lines, 3 matched, 161032 lines/sec, ~936.8%, ETA ~-66 min
  714.0M lines, 3 matched, 161271 lines/sec, ~939.5%, ETA ~-66 min
  716.0M lines, 3 matched, 161511 lines/sec, ~942.1%, ETA ~-66 min
  718.0M lines, 3 matched, 161818 lines/sec, ~944.7%, ETA ~-66 min
  720.0M lines, 3 matched, 161960 lines/sec, ~947.4%, ETA ~-66 min
  722.0M lines, 3 matched, 162162 lines/sec, ~950.0%, ETA ~-66 min
  724.0M lines, 3 matched, 162401 lines/sec, ~952.6%, ETA ~-67 min
  726.0M lines, 3 matched, 162483 lines/sec, ~955.3%, ETA ~-67 min
  728.0M lines, 3 matched, 162498 lines/sec, ~957.9%, ETA ~-67 min
  730.0M lines, 3 matched, 162768 lines/sec, ~960.5%, ETA ~-67 min
  732.0M lines, 3 matched, 163054 lines/sec, ~963.2%, ETA ~-67 min
  734.0M lines, 3 matched, 163171 lines/sec, ~965.8%, ETA ~-67 min
  736.0M lines, 3 matched, 163425 lines/sec, ~968.4%, ETA ~-67 min
  738.0M lines, 3 matched, 163668 lines/sec, ~971.1%, ETA ~-67 min
  740.0M lines, 3 matched, 163752 lines/sec, ~973.7%, ETA ~-68 min
  742.0M lines, 3 matched, 163653 lines/sec, ~976.3%, ETA ~-68 min
  744.0M lines, 3 matched, 163840 lines/sec, ~978.9%, ETA ~-68 min
  746.0M lines, 3 matched, 163863 lines/sec, ~981.6%, ETA ~-68 min
  748.0M lines, 3 matched, 163658 lines/sec, ~984.2%, ETA ~-68 min
  750.0M lines, 3 matched, 163679 lines/sec, ~986.8%, ETA ~-69 min
  752.0M lines, 3 matched, 163649 lines/sec, ~989.5%, ETA ~-69 min
  754.0M lines, 3 matched, 163622 lines/sec, ~992.1%, ETA ~-69 min
  756.0M lines, 3 matched, 163400 lines/sec, ~994.7%, ETA ~-69 min
  758.0M lines, 3 matched, 163519 lines/sec, ~997.4%, ETA ~-70 min
  760.0M lines, 3 matched, 163744 lines/sec, ~1000.0%, ETA ~-70 min
  762.0M lines, 3 matched, 163949 lines/sec, ~1002.6%, ETA ~-70 min
  764.0M lines, 3 matched, 164077 lines/sec, ~1005.3%, ETA ~-70 min
  766.0M lines, 3 matched, 164178 lines/sec, ~1007.9%, ETA ~-70 min
  768.0M lines, 3 matched, 164299 lines/sec, ~1010.5%, ETA ~-70 min
  770.0M lines, 3 matched, 164458 lines/sec, ~1013.2%, ETA ~-70 min
  772.0M lines, 3 matched, 164533 lines/sec, ~1015.8%, ETA ~-71 min
  774.0M lines, 3 matched, 164430 lines/sec, ~1018.4%, ETA ~-71 min
  776.0M lines, 3 matched, 164063 lines/sec, ~1021.1%, ETA ~-71 min
  778.0M lines, 3 matched, 164151 lines/sec, ~1023.7%, ETA ~-71 min
  780.0M lines, 3 matched, 164261 lines/sec, ~1026.3%, ETA ~-71 min
  782.0M lines, 3 matched, 164290 lines/sec, ~1028.9%, ETA ~-72 min
  784.0M lines, 3 matched, 164367 lines/sec, ~1031.6%, ETA ~-72 min
  786.0M lines, 3 matched, 164398 lines/sec, ~1034.2%, ETA ~-72 min
  788.0M lines, 3 matched, 163826 lines/sec, ~1036.8%, ETA ~-72 min
  790.0M lines, 3 matched, 163241 lines/sec, ~1039.5%, ETA ~-73 min
  792.0M lines, 3 matched, 163255 lines/sec, ~1042.1%, ETA ~-73 min
  794.0M lines, 3 matched, 163153 lines/sec, ~1044.7%, ETA ~-73 min
  796.0M lines, 3 matched, 163318 lines/sec, ~1047.4%, ETA ~-73 min
  798.0M lines, 3 matched, 163455 lines/sec, ~1050.0%, ETA ~-74 min
  800.0M lines, 3 matched, 163509 lines/sec, ~1052.6%, ETA ~-74 min
  802.0M lines, 3 matched, 163662 lines/sec, ~1055.3%, ETA ~-74 min
  804.0M lines, 3 matched, 163847 lines/sec, ~1057.9%, ETA ~-74 min
  806.0M lines, 3 matched, 163988 lines/sec, ~1060.5%, ETA ~-74 min
  808.0M lines, 3 matched, 164143 lines/sec, ~1063.2%, ETA ~-74 min
  810.0M lines, 3 matched, 164291 lines/sec, ~1065.8%, ETA ~-74 min
  812.0M lines, 3 matched, 164427 lines/sec, ~1068.4%, ETA ~-75 min
  814.0M lines, 3 matched, 164586 lines/sec, ~1071.1%, ETA ~-75 min
  816.0M lines, 3 matched, 164761 lines/sec, ~1073.7%, ETA ~-75 min
  818.0M lines, 3 matched, 164957 lines/sec, ~1076.3%, ETA ~-75 min
  820.0M lines, 3 matched, 165079 lines/sec, ~1078.9%, ETA ~-75 min
  822.0M lines, 3 matched, 165244 lines/sec, ~1081.6%, ETA ~-75 min
  824.0M lines, 3 matched, 165349 lines/sec, ~1084.2%, ETA ~-75 min
  826.0M lines, 3 matched, 165521 lines/sec, ~1086.8%, ETA ~-76 min
  828.0M lines, 3 matched, 165675 lines/sec, ~1089.5%, ETA ~-76 min
  830.0M lines, 3 matched, 165771 lines/sec, ~1092.1%, ETA ~-76 min
  832.0M lines, 3 matched, 165888 lines/sec, ~1094.7%, ETA ~-76 min
  834.0M lines, 3 matched, 165974 lines/sec, ~1097.4%, ETA ~-76 min
  836.0M lines, 3 matched, 165883 lines/sec, ~1100.0%, ETA ~-76 min
  838.0M lines, 3 matched, 165872 lines/sec, ~1102.6%, ETA ~-77 min
  840.0M lines, 3 matched, 165941 lines/sec, ~1105.3%, ETA ~-77 min
  842.0M lines, 3 matched, 166011 lines/sec, ~1107.9%, ETA ~-77 min
  844.0M lines, 3 matched, 166102 lines/sec, ~1110.5%, ETA ~-77 min
  846.0M lines, 3 matched, 166174 lines/sec, ~1113.2%, ETA ~-77 min
  848.0M lines, 3 matched, 166217 lines/sec, ~1115.8%, ETA ~-77 min
  850.0M lines, 3 matched, 166359 lines/sec, ~1118.4%, ETA ~-78 min
  852.0M lines, 3 matched, 166566 lines/sec, ~1121.1%, ETA ~-78 min
  854.0M lines, 3 matched, 166736 lines/sec, ~1123.7%, ETA ~-78 min
  856.0M lines, 3 matched, 166921 lines/sec, ~1126.3%, ETA ~-78 min
  858.0M lines, 3 matched, 167037 lines/sec, ~1128.9%, ETA ~-78 min
  860.0M lines, 3 matched, 167201 lines/sec, ~1131.6%, ETA ~-78 min
  862.0M lines, 3 matched, 167358 lines/sec, ~1134.2%, ETA ~-78 min
  864.0M lines, 3 matched, 167411 lines/sec, ~1136.8%, ETA ~-78 min
  866.0M lines, 3 matched, 167497 lines/sec, ~1139.5%, ETA ~-79 min
  868.0M lines, 3 matched, 167627 lines/sec, ~1142.1%, ETA ~-79 min
  870.0M lines, 3 matched, 167705 lines/sec, ~1144.7%, ETA ~-79 min
  872.0M lines, 3 matched, 167821 lines/sec, ~1147.4%, ETA ~-79 min
  874.0M lines, 3 matched, 167926 lines/sec, ~1150.0%, ETA ~-79 min
  876.0M lines, 3 matched, 167996 lines/sec, ~1152.6%, ETA ~-79 min
  878.0M lines, 3 matched, 168008 lines/sec, ~1155.3%, ETA ~-80 min
  880.0M lines, 3 matched, 168014 lines/sec, ~1157.9%, ETA ~-80 min
  882.0M lines, 3 matched, 168058 lines/sec, ~1160.5%, ETA ~-80 min
  884.0M lines, 3 matched, 168126 lines/sec, ~1163.2%, ETA ~-80 min
  886.0M lines, 3 matched, 168205 lines/sec, ~1165.8%, ETA ~-80 min
  888.0M lines, 3 matched, 168248 lines/sec, ~1168.4%, ETA ~-80 min
  890.0M lines, 3 matched, 168385 lines/sec, ~1171.1%, ETA ~-81 min
  892.0M lines, 3 matched, 168507 lines/sec, ~1173.7%, ETA ~-81 min
  894.0M lines, 3 matched, 168562 lines/sec, ~1176.3%, ETA ~-81 min
  896.0M lines, 3 matched, 168710 lines/sec, ~1178.9%, ETA ~-81 min
  898.0M lines, 3 matched, 168863 lines/sec, ~1181.6%, ETA ~-81 min
  900.0M lines, 3 matched, 168944 lines/sec, ~1184.2%, ETA ~-81 min
  902.0M lines, 3 matched, 169020 lines/sec, ~1186.8%, ETA ~-81 min
  904.0M lines, 3 matched, 169107 lines/sec, ~1189.5%, ETA ~-82 min
  906.0M lines, 3 matched, 169223 lines/sec, ~1192.1%, ETA ~-82 min
  908.0M lines, 3 matched, 169343 lines/sec, ~1194.7%, ETA ~-82 min
  910.0M lines, 3 matched, 169475 lines/sec, ~1197.4%, ETA ~-82 min
  912.0M lines, 3 matched, 169607 lines/sec, ~1200.0%, ETA ~-82 min
  914.0M lines, 3 matched, 169682 lines/sec, ~1202.6%, ETA ~-82 min
  916.0M lines, 3 matched, 169789 lines/sec, ~1205.3%, ETA ~-82 min
  918.0M lines, 3 matched, 169931 lines/sec, ~1207.9%, ETA ~-83 min
  920.0M lines, 3 matched, 170073 lines/sec, ~1210.5%, ETA ~-83 min
  922.0M lines, 3 matched, 170200 lines/sec, ~1213.2%, ETA ~-83 min
  924.0M lines, 3 matched, 170269 lines/sec, ~1215.8%, ETA ~-83 min
  926.0M lines, 3 matched, 170422 lines/sec, ~1218.4%, ETA ~-83 min
  928.0M lines, 3 matched, 170516 lines/sec, ~1221.1%, ETA ~-83 min
  930.0M lines, 3 matched, 170629 lines/sec, ~1223.7%, ETA ~-83 min
  932.0M lines, 3 matched, 170716 lines/sec, ~1226.3%, ETA ~-84 min
  934.0M lines, 3 matched, 170866 lines/sec, ~1228.9%, ETA ~-84 min
  936.0M lines, 3 matched, 170963 lines/sec, ~1231.6%, ETA ~-84 min
  938.0M lines, 3 matched, 171121 lines/sec, ~1234.2%, ETA ~-84 min
  940.0M lines, 3 matched, 171189 lines/sec, ~1236.8%, ETA ~-84 min
  942.0M lines, 3 matched, 171364 lines/sec, ~1239.5%, ETA ~-84 min
  944.0M lines, 3 matched, 171469 lines/sec, ~1242.1%, ETA ~-84 min
  946.0M lines, 3 matched, 171570 lines/sec, ~1244.7%, ETA ~-85 min
  948.0M lines, 3 matched, 171718 lines/sec, ~1247.4%, ETA ~-85 min
  950.0M lines, 3 matched, 171868 lines/sec, ~1250.0%, ETA ~-85 min
  952.0M lines, 3 matched, 171953 lines/sec, ~1252.6%, ETA ~-85 min
  954.0M lines, 3 matched, 172087 lines/sec, ~1255.3%, ETA ~-85 min
  956.0M lines, 3 matched, 172161 lines/sec, ~1257.9%, ETA ~-85 min
  958.0M lines, 3 matched, 172307 lines/sec, ~1260.5%, ETA ~-85 min
  960.0M lines, 3 matched, 172460 lines/sec, ~1263.2%, ETA ~-85 min
  962.0M lines, 3 matched, 172588 lines/sec, ~1265.8%, ETA ~-86 min
  964.0M lines, 3 matched, 172743 lines/sec, ~1268.4%, ETA ~-86 min
  966.0M lines, 3 matched, 172939 lines/sec, ~1271.1%, ETA ~-86 min
  968.0M lines, 3 matched, 173039 lines/sec, ~1273.7%, ETA ~-86 min
  970.0M lines, 3 matched, 173174 lines/sec, ~1276.3%, ETA ~-86 min
  972.0M lines, 3 matched, 173320 lines/sec, ~1278.9%, ETA ~-86 min
  974.0M lines, 3 matched, 173472 lines/sec, ~1281.6%, ETA ~-86 min
  976.0M lines, 3 matched, 173602 lines/sec, ~1284.2%, ETA ~-86 min
  978.0M lines, 3 matched, 173692 lines/sec, ~1286.8%, ETA ~-87 min
  980.0M lines, 3 matched, 173743 lines/sec, ~1289.5%, ETA ~-87 min
  982.0M lines, 3 matched, 173867 lines/sec, ~1292.1%, ETA ~-87 min
  984.0M lines, 3 matched, 173975 lines/sec, ~1294.7%, ETA ~-87 min
  986.0M lines, 3 matched, 174019 lines/sec, ~1297.4%, ETA ~-87 min
  988.0M lines, 3 matched, 174114 lines/sec, ~1300.0%, ETA ~-87 min
  990.0M lines, 3 matched, 174174 lines/sec, ~1302.6%, ETA ~-87 min
  992.0M lines, 3 matched, 174225 lines/sec, ~1305.3%, ETA ~-88 min
  994.0M lines, 3 matched, 174288 lines/sec, ~1307.9%, ETA ~-88 min
  996.0M lines, 3 matched, 174392 lines/sec, ~1310.5%, ETA ~-88 min
  998.0M lines, 3 matched, 174472 lines/sec, ~1313.2%, ETA ~-88 min
  1000.0M lines, 3 matched, 174462 lines/sec, ~1315.8%, ETA ~-88 min
  1002.0M lines, 3 matched, 174558 lines/sec, ~1318.4%, ETA ~-88 min
  1004.0M lines, 3 matched, 174587 lines/sec, ~1321.1%, ETA ~-89 min
  1006.0M lines, 3 matched, 174634 lines/sec, ~1323.7%, ETA ~-89 min
  1008.0M lines, 3 matched, 174693 lines/sec, ~1326.3%, ETA ~-89 min
  1010.0M lines, 3 matched, 174679 lines/sec, ~1328.9%, ETA ~-89 min
  1012.0M lines, 3 matched, 174718 lines/sec, ~1331.6%, ETA ~-89 min
  1014.0M lines, 3 matched, 174769 lines/sec, ~1334.2%, ETA ~-89 min
  1016.0M lines, 3 matched, 174863 lines/sec, ~1336.8%, ETA ~-90 min
  1018.0M lines, 3 matched, 174961 lines/sec, ~1339.5%, ETA ~-90 min
  1020.0M lines, 3 matched, 174993 lines/sec, ~1342.1%, ETA ~-90 min
  1022.0M lines, 3 matched, 174968 lines/sec, ~1344.7%, ETA ~-90 min
  1024.0M lines, 3 matched, 175008 lines/sec, ~1347.4%, ETA ~-90 min
  1026.0M lines, 3 matched, 175109 lines/sec, ~1350.0%, ETA ~-90 min
  1028.0M lines, 3 matched, 175135 lines/sec, ~1352.6%, ETA ~-91 min
  1030.0M lines, 3 matched, 175053 lines/sec, ~1355.3%, ETA ~-91 min
  1032.0M lines, 3 matched, 175068 lines/sec, ~1357.9%, ETA ~-91 min
  1034.0M lines, 3 matched, 174925 lines/sec, ~1360.5%, ETA ~-91 min
  1036.0M lines, 3 matched, 174752 lines/sec, ~1363.2%, ETA ~-92 min
  1038.0M lines, 3 matched, 174579 lines/sec, ~1365.8%, ETA ~-92 min
  1040.0M lines, 3 matched, 174545 lines/sec, ~1368.4%, ETA ~-92 min
  1042.0M lines, 3 matched, 174378 lines/sec, ~1371.1%, ETA ~-92 min
  1044.0M lines, 3 matched, 174409 lines/sec, ~1373.7%, ETA ~-93 min
  1046.0M lines, 3 matched, 174448 lines/sec, ~1376.3%, ETA ~-93 min
  1048.0M lines, 3 matched, 174536 lines/sec, ~1378.9%, ETA ~-93 min
  1050.0M lines, 3 matched, 174608 lines/sec, ~1381.6%, ETA ~-93 min
  1052.0M lines, 3 matched, 174687 lines/sec, ~1384.2%, ETA ~-93 min
  1054.0M lines, 3 matched, 174699 lines/sec, ~1386.8%, ETA ~-93 min
  1056.0M lines, 3 matched, 174720 lines/sec, ~1389.5%, ETA ~-93 min
  1058.0M lines, 3 matched, 174728 lines/sec, ~1392.1%, ETA ~-94 min
  1060.0M lines, 3 matched, 174821 lines/sec, ~1394.7%, ETA ~-94 min
  1062.0M lines, 3 matched, 174819 lines/sec, ~1397.4%, ETA ~-94 min
  1064.0M lines, 3 matched, 174851 lines/sec, ~1400.0%, ETA ~-94 min
  1066.0M lines, 3 matched, 174849 lines/sec, ~1402.6%, ETA ~-94 min
  1068.0M lines, 3 matched, 174899 lines/sec, ~1405.3%, ETA ~-95 min
  1070.0M lines, 3 matched, 174967 lines/sec, ~1407.9%, ETA ~-95 min
  1072.0M lines, 3 matched, 175014 lines/sec, ~1410.5%, ETA ~-95 min
  1074.0M lines, 3 matched, 175129 lines/sec, ~1413.2%, ETA ~-95 min
  1076.0M lines, 3 matched, 175122 lines/sec, ~1415.8%, ETA ~-95 min
  1078.0M lines, 3 matched, 175001 lines/sec, ~1418.4%, ETA ~-95 min
  1080.0M lines, 3 matched, 174990 lines/sec, ~1421.1%, ETA ~-96 min
  1082.0M lines, 3 matched, 175048 lines/sec, ~1423.7%, ETA ~-96 min
  1084.0M lines, 3 matched, 175078 lines/sec, ~1426.3%, ETA ~-96 min
  1086.0M lines, 3 matched, 175111 lines/sec, ~1428.9%, ETA ~-96 min
  1088.0M lines, 3 matched, 175157 lines/sec, ~1431.6%, ETA ~-96 min
  1090.0M lines, 3 matched, 175155 lines/sec, ~1434.2%, ETA ~-96 min
  1092.0M lines, 3 matched, 174992 lines/sec, ~1436.8%, ETA ~-97 min
  1094.0M lines, 3 matched, 174665 lines/sec, ~1439.5%, ETA ~-97 min
  1096.0M lines, 3 matched, 174393 lines/sec, ~1442.1%, ETA ~-97 min
  1098.0M lines, 3 matched, 174265 lines/sec, ~1444.7%, ETA ~-98 min
  1100.0M lines, 3 matched, 174115 lines/sec, ~1447.4%, ETA ~-98 min
  1102.0M lines, 3 matched, 174051 lines/sec, ~1450.0%, ETA ~-98 min
  1104.0M lines, 3 matched, 173999 lines/sec, ~1452.6%, ETA ~-98 min
  1106.0M lines, 3 matched, 173965 lines/sec, ~1455.3%, ETA ~-99 min
  1108.0M lines, 3 matched, 173949 lines/sec, ~1457.9%, ETA ~-99 min
  1110.0M lines, 3 matched, 173916 lines/sec, ~1460.5%, ETA ~-99 min
  1112.0M lines, 3 matched, 173903 lines/sec, ~1463.2%, ETA ~-99 min
  1114.0M lines, 3 matched, 173880 lines/sec, ~1465.8%, ETA ~-99 min
  1116.0M lines, 3 matched, 173784 lines/sec, ~1468.4%, ETA ~-100 min
  1118.0M lines, 3 matched, 173595 lines/sec, ~1471.1%, ETA ~-100 min
  1120.0M lines, 3 matched, 173579 lines/sec, ~1473.7%, ETA ~-100 min
  1122.0M lines, 3 matched, 173591 lines/sec, ~1476.3%, ETA ~-100 min
  1124.0M lines, 3 matched, 173619 lines/sec, ~1478.9%, ETA ~-101 min
  1126.0M lines, 3 matched, 173595 lines/sec, ~1481.6%, ETA ~-101 min
  1128.0M lines, 3 matched, 173599 lines/sec, ~1484.2%, ETA ~-101 min
  1130.0M lines, 3 matched, 173521 lines/sec, ~1486.8%, ETA ~-101 min
  1132.0M lines, 3 matched, 173460 lines/sec, ~1489.5%, ETA ~-101 min
  1134.0M lines, 3 matched, 173447 lines/sec, ~1492.1%, ETA ~-102 min
  1136.0M lines, 3 matched, 173421 lines/sec, ~1494.7%, ETA ~-102 min
  1138.0M lines, 3 matched, 173408 lines/sec, ~1497.4%, ETA ~-102 min
  1140.0M lines, 3 matched, 173376 lines/sec, ~1500.0%, ETA ~-102 min
  1142.0M lines, 3 matched, 173395 lines/sec, ~1502.6%, ETA ~-102 min
  1144.0M lines, 3 matched, 173336 lines/sec, ~1505.3%, ETA ~-103 min
  1146.0M lines, 3 matched, 173202 lines/sec, ~1507.9%, ETA ~-103 min
  1148.0M lines, 3 matched, 173156 lines/sec, ~1510.5%, ETA ~-103 min
  1150.0M lines, 3 matched, 173084 lines/sec, ~1513.2%, ETA ~-103 min
  1152.0M lines, 3 matched, 173053 lines/sec, ~1515.8%, ETA ~-104 min
  1154.0M lines, 3 matched, 173040 lines/sec, ~1518.4%, ETA ~-104 min
  1156.0M lines, 3 matched, 173021 lines/sec, ~1521.1%, ETA ~-104 min
  1158.0M lines, 3 matched, 172966 lines/sec, ~1523.7%, ETA ~-104 min
  1160.0M lines, 3 matched, 173017 lines/sec, ~1526.3%, ETA ~-104 min
  1162.0M lines, 3 matched, 173054 lines/sec, ~1528.9%, ETA ~-105 min
  1164.0M lines, 3 matched, 173091 lines/sec, ~1531.6%, ETA ~-105 min
  1166.0M lines, 3 matched, 173074 lines/sec, ~1534.2%, ETA ~-105 min
  1168.0M lines, 3 matched, 173094 lines/sec, ~1536.8%, ETA ~-105 min
  1170.0M lines, 3 matched, 173112 lines/sec, ~1539.5%, ETA ~-105 min
  1172.0M lines, 3 matched, 173137 lines/sec, ~1542.1%, ETA ~-106 min
  1174.0M lines, 3 matched, 173135 lines/sec, ~1544.7%, ETA ~-106 min
  1176.0M lines, 3 matched, 173141 lines/sec, ~1547.4%, ETA ~-106 min
  1178.0M lines, 3 matched, 173123 lines/sec, ~1550.0%, ETA ~-106 min
  1180.0M lines, 3 matched, 173150 lines/sec, ~1552.6%, ETA ~-106 min
  1182.0M lines, 3 matched, 173154 lines/sec, ~1555.3%, ETA ~-106 min
  1184.0M lines, 3 matched, 173164 lines/sec, ~1557.9%, ETA ~-107 min
  1186.0M lines, 3 matched, 173174 lines/sec, ~1560.5%, ETA ~-107 min
  1188.0M lines, 3 matched, 173174 lines/sec, ~1563.2%, ETA ~-107 min
  1190.0M lines, 3 matched, 173106 lines/sec, ~1565.8%, ETA ~-107 min
  1192.0M lines, 3 matched, 173166 lines/sec, ~1568.4%, ETA ~-107 min
  1194.0M lines, 3 matched, 173185 lines/sec, ~1571.1%, ETA ~-108 min
  1196.0M lines, 3 matched, 173171 lines/sec, ~1573.7%, ETA ~-108 min
  1198.0M lines, 3 matched, 173143 lines/sec, ~1576.3%, ETA ~-108 min
  1200.0M lines, 3 matched, 173140 lines/sec, ~1578.9%, ETA ~-108 min
  1202.0M lines, 3 matched, 173137 lines/sec, ~1581.6%, ETA ~-108 min
  1204.0M lines, 3 matched, 173238 lines/sec, ~1584.2%, ETA ~-109 min
  1206.0M lines, 3 matched, 173304 lines/sec, ~1586.8%, ETA ~-109 min
  1208.0M lines, 3 matched, 173374 lines/sec, ~1589.5%, ETA ~-109 min
  1210.0M lines, 3 matched, 173434 lines/sec, ~1592.1%, ETA ~-109 min
  1212.0M lines, 3 matched, 173457 lines/sec, ~1594.7%, ETA ~-109 min
  1214.0M lines, 3 matched, 173469 lines/sec, ~1597.4%, ETA ~-109 min
  1216.0M lines, 3 matched, 173367 lines/sec, ~1600.0%, ETA ~-110 min
  1218.0M lines, 3 matched, 173375 lines/sec, ~1602.6%, ETA ~-110 min
  1220.0M lines, 3 matched, 173383 lines/sec, ~1605.3%, ETA ~-110 min
  1222.0M lines, 3 matched, 173360 lines/sec, ~1607.9%, ETA ~-110 min
  1224.0M lines, 3 matched, 173343 lines/sec, ~1610.5%, ETA ~-110 min
  1226.0M lines, 3 matched, 173273 lines/sec, ~1613.2%, ETA ~-111 min
  1228.0M lines, 3 matched, 173130 lines/sec, ~1615.8%, ETA ~-111 min
  1230.0M lines, 3 matched, 173019 lines/sec, ~1618.4%, ETA ~-111 min
  1232.0M lines, 3 matched, 172865 lines/sec, ~1621.1%, ETA ~-111 min
  1234.0M lines, 3 matched, 172679 lines/sec, ~1623.7%, ETA ~-112 min
  1236.0M lines, 3 matched, 172263 lines/sec, ~1626.3%, ETA ~-112 min
  1238.0M lines, 3 matched, 171924 lines/sec, ~1628.9%, ETA ~-113 min
  1240.0M lines, 3 matched, 170971 lines/sec, ~1631.6%, ETA ~-113 min
  1242.0M lines, 3 matched, 170250 lines/sec, ~1634.2%, ETA ~-114 min
  1244.0M lines, 3 matched, 169185 lines/sec, ~1636.8%, ETA ~-115 min
  1246.0M lines, 3 matched, 168497 lines/sec, ~1639.5%, ETA ~-116 min
  1248.0M lines, 3 matched, 167752 lines/sec, ~1642.1%, ETA ~-116 min
  1250.0M lines, 3 matched, 166867 lines/sec, ~1644.7%, ETA ~-117 min
  1252.0M lines, 3 matched, 166092 lines/sec, ~1647.4%, ETA ~-118 min
  1254.0M lines, 3 matched, 165462 lines/sec, ~1650.0%, ETA ~-119 min
  1256.0M lines, 3 matched, 164807 lines/sec, ~1652.6%, ETA ~-119 min
  1258.0M lines, 3 matched, 164369 lines/sec, ~1655.3%, ETA ~-120 min
  1260.0M lines, 3 matched, 163994 lines/sec, ~1657.9%, ETA ~-120 min
  1262.0M lines, 3 matched, 163893 lines/sec, ~1660.5%, ETA ~-121 min
  1264.0M lines, 3 matched, 163897 lines/sec, ~1663.2%, ETA ~-121 min
  1266.0M lines, 3 matched, 163845 lines/sec, ~1665.8%, ETA ~-121 min
  1268.0M lines, 3 matched, 163706 lines/sec, ~1668.4%, ETA ~-121 min
  1270.0M lines, 3 matched, 163402 lines/sec, ~1671.1%, ETA ~-122 min
  1272.0M lines, 3 matched, 163354 lines/sec, ~1673.7%, ETA ~-122 min
  1274.0M lines, 3 matched, 163344 lines/sec, ~1676.3%, ETA ~-122 min
  1276.0M lines, 3 matched, 163358 lines/sec, ~1678.9%, ETA ~-122 min
  1278.0M lines, 3 matched, 163410 lines/sec, ~1681.6%, ETA ~-123 min
  1280.0M lines, 3 matched, 163197 lines/sec, ~1684.2%, ETA ~-123 min
  1282.0M lines, 3 matched, 162155 lines/sec, ~1686.8%, ETA ~-124 min
  1284.0M lines, 3 matched, 161641 lines/sec, ~1689.5%, ETA ~-125 min
  1286.0M lines, 3 matched, 160687 lines/sec, ~1692.1%, ETA ~-126 min
  1288.0M lines, 3 matched, 160254 lines/sec, ~1694.7%, ETA ~-126 min
  1290.0M lines, 3 matched, 159946 lines/sec, ~1697.4%, ETA ~-127 min
  1292.0M lines, 3 matched, 159674 lines/sec, ~1700.0%, ETA ~-127 min
  1294.0M lines, 3 matched, 159276 lines/sec, ~1702.6%, ETA ~-127 min
  1296.0M lines, 3 matched, 158873 lines/sec, ~1705.3%, ETA ~-128 min
  1298.0M lines, 3 matched, 159003 lines/sec, ~1707.9%, ETA ~-128 min
  1300.0M lines, 3 matched, 159155 lines/sec, ~1710.5%, ETA ~-128 min
  1302.0M lines, 3 matched, 159123 lines/sec, ~1713.2%, ETA ~-128 min
  1304.0M lines, 3 matched, 158870 lines/sec, ~1715.8%, ETA ~-129 min
  1306.0M lines, 3 matched, 158541 lines/sec, ~1718.4%, ETA ~-129 min
  1308.0M lines, 3 matched, 158535 lines/sec, ~1721.1%, ETA ~-130 min
  1310.0M lines, 3 matched, 158597 lines/sec, ~1723.7%, ETA ~-130 min
  1312.0M lines, 3 matched, 158595 lines/sec, ~1726.3%, ETA ~-130 min
  1314.0M lines, 3 matched, 158705 lines/sec, ~1728.9%, ETA ~-130 min
  1316.0M lines, 3 matched, 158674 lines/sec, ~1731.6%, ETA ~-130 min
  1318.0M lines, 3 matched, 158439 lines/sec, ~1734.2%, ETA ~-131 min
  1320.0M lines, 3 matched, 157842 lines/sec, ~1736.8%, ETA ~-131 min
  1322.0M lines, 3 matched, 156958 lines/sec, ~1739.5%, ETA ~-132 min
  1324.0M lines, 3 matched, 156100 lines/sec, ~1742.1%, ETA ~-133 min
  1326.0M lines, 3 matched, 155824 lines/sec, ~1744.7%, ETA ~-134 min
  1328.0M lines, 3 matched, 155583 lines/sec, ~1747.4%, ETA ~-134 min
  1330.0M lines, 3 matched, 155484 lines/sec, ~1750.0%, ETA ~-134 min
  1332.0M lines, 3 matched, 155419 lines/sec, ~1752.6%, ETA ~-135 min
  1334.0M lines, 3 matched, 155410 lines/sec, ~1755.3%, ETA ~-135 min
  1336.0M lines, 3 matched, 155500 lines/sec, ~1757.9%, ETA ~-135 min
  1338.0M lines, 3 matched, 155519 lines/sec, ~1760.5%, ETA ~-135 min
  1340.0M lines, 3 matched, 155545 lines/sec, ~1763.2%, ETA ~-135 min
  1342.0M lines, 3 matched, 155584 lines/sec, ~1765.8%, ETA ~-136 min
  1344.0M lines, 3 matched, 155636 lines/sec, ~1768.4%, ETA ~-136 min
  1346.0M lines, 3 matched, 155660 lines/sec, ~1771.1%, ETA ~-136 min
  1348.0M lines, 3 matched, 155690 lines/sec, ~1773.7%, ETA ~-136 min
  1350.0M lines, 3 matched, 155727 lines/sec, ~1776.3%, ETA ~-136 min
  1352.0M lines, 3 matched, 155828 lines/sec, ~1778.9%, ETA ~-136 min
  1354.0M lines, 3 matched, 155946 lines/sec, ~1781.6%, ETA ~-137 min
  1356.0M lines, 3 matched, 156073 lines/sec, ~1784.2%, ETA ~-137 min
  1358.0M lines, 3 matched, 156185 lines/sec, ~1786.8%, ETA ~-137 min
  1360.0M lines, 3 matched, 156302 lines/sec, ~1789.5%, ETA ~-137 min
  1362.0M lines, 3 matched, 156382 lines/sec, ~1792.1%, ETA ~-137 min
  1364.0M lines, 3 matched, 156311 lines/sec, ~1794.7%, ETA ~-137 min
  1366.0M lines, 3 matched, 156316 lines/sec, ~1797.4%, ETA ~-138 min
  1368.0M lines, 3 matched, 156116 lines/sec, ~1800.0%, ETA ~-138 min
  1370.0M lines, 3 matched, 155630 lines/sec, ~1802.6%, ETA ~-139 min
  1372.0M lines, 3 matched, 155201 lines/sec, ~1805.3%, ETA ~-139 min
  1374.0M lines, 3 matched, 154868 lines/sec, ~1807.9%, ETA ~-140 min
  1376.0M lines, 3 matched, 154474 lines/sec, ~1810.5%, ETA ~-140 min
  1378.0M lines, 3 matched, 154172 lines/sec, ~1813.2%, ETA ~-141 min
  1380.0M lines, 3 matched, 153834 lines/sec, ~1815.8%, ETA ~-141 min
  1382.0M lines, 3 matched, 153333 lines/sec, ~1818.4%, ETA ~-142 min
  1384.0M lines, 3 matched, 152969 lines/sec, ~1821.1%, ETA ~-143 min
  1386.0M lines, 3 matched, 153070 lines/sec, ~1823.7%, ETA ~-143 min
  1388.0M lines, 3 matched, 153051 lines/sec, ~1826.3%, ETA ~-143 min
  1390.0M lines, 3 matched, 153183 lines/sec, ~1828.9%, ETA ~-143 min
  1392.0M lines, 3 matched, 153316 lines/sec, ~1831.6%, ETA ~-143 min
  1394.0M lines, 3 matched, 153440 lines/sec, ~1834.2%, ETA ~-143 min
  1396.0M lines, 3 matched, 153557 lines/sec, ~1836.8%, ETA ~-143 min
  1398.0M lines, 3 matched, 153681 lines/sec, ~1839.5%, ETA ~-143 min
  1400.0M lines, 3 matched, 153798 lines/sec, ~1842.1%, ETA ~-143 min
  1402.0M lines, 3 matched, 153927 lines/sec, ~1844.7%, ETA ~-144 min
  1404.0M lines, 3 matched, 154049 lines/sec, ~1847.4%, ETA ~-144 min
  1406.0M lines, 3 matched, 154170 lines/sec, ~1850.0%, ETA ~-144 min
  1408.0M lines, 3 matched, 154276 lines/sec, ~1852.6%, ETA ~-144 min
  1410.0M lines, 3 matched, 154393 lines/sec, ~1855.3%, ETA ~-144 min
  1412.0M lines, 3 matched, 154489 lines/sec, ~1857.9%, ETA ~-144 min
  1414.0M lines, 3 matched, 154584 lines/sec, ~1860.5%, ETA ~-144 min
  1416.0M lines, 3 matched, 154678 lines/sec, ~1863.2%, ETA ~-144 min
  1418.0M lines, 3 matched, 154764 lines/sec, ~1865.8%, ETA ~-145 min
  1420.0M lines, 3 matched, 154850 lines/sec, ~1868.4%, ETA ~-145 min
  1422.0M lines, 3 matched, 154960 lines/sec, ~1871.1%, ETA ~-145 min
  1424.0M lines, 3 matched, 155082 lines/sec, ~1873.7%, ETA ~-145 min
  1426.0M lines, 3 matched, 155075 lines/sec, ~1876.3%, ETA ~-145 min
  1428.0M lines, 3 matched, 154949 lines/sec, ~1878.9%, ETA ~-145 min
  1430.0M lines, 3 matched, 155021 lines/sec, ~1881.6%, ETA ~-146 min
  1432.0M lines, 3 matched, 155104 lines/sec, ~1884.2%, ETA ~-146 min
  1434.0M lines, 3 matched, 155010 lines/sec, ~1886.8%, ETA ~-146 min
  1436.0M lines, 3 matched, 155066 lines/sec, ~1889.5%, ETA ~-146 min
  1438.0M lines, 3 matched, 155125 lines/sec, ~1892.1%, ETA ~-146 min
  1440.0M lines, 3 matched, 155152 lines/sec, ~1894.7%, ETA ~-147 min
  1442.0M lines, 3 matched, 155261 lines/sec, ~1897.4%, ETA ~-147 min
  1444.0M lines, 3 matched, 155381 lines/sec, ~1900.0%, ETA ~-147 min
  1446.0M lines, 3 matched, 155489 lines/sec, ~1902.6%, ETA ~-147 min
  1448.0M lines, 3 matched, 155591 lines/sec, ~1905.3%, ETA ~-147 min
  1450.0M lines, 3 matched, 155634 lines/sec, ~1907.9%, ETA ~-147 min
  1452.0M lines, 3 matched, 155731 lines/sec, ~1910.5%, ETA ~-147 min
  1454.0M lines, 3 matched, 155814 lines/sec, ~1913.2%, ETA ~-147 min
  1456.0M lines, 3 matched, 155896 lines/sec, ~1915.8%, ETA ~-148 min
  1458.0M lines, 3 matched, 155950 lines/sec, ~1918.4%, ETA ~-148 min
  1460.0M lines, 3 matched, 156008 lines/sec, ~1921.1%, ETA ~-148 min
  1462.0M lines, 3 matched, 156093 lines/sec, ~1923.7%, ETA ~-148 min
  1464.0M lines, 3 matched, 156185 lines/sec, ~1926.3%, ETA ~-148 min
  1466.0M lines, 3 matched, 156250 lines/sec, ~1928.9%, ETA ~-148 min
  1468.0M lines, 3 matched, 156292 lines/sec, ~1931.6%, ETA ~-148 min
  1470.0M lines, 3 matched, 156371 lines/sec, ~1934.2%, ETA ~-149 min
  1472.0M lines, 3 matched, 156394 lines/sec, ~1936.8%, ETA ~-149 min
  1474.0M lines, 3 matched, 156430 lines/sec, ~1939.5%, ETA ~-149 min
  1476.0M lines, 3 matched, 156439 lines/sec, ~1942.1%, ETA ~-149 min
  1478.0M lines, 3 matched, 156395 lines/sec, ~1944.7%, ETA ~-149 min
  1480.0M lines, 3 matched, 156343 lines/sec, ~1947.4%, ETA ~-150 min
  1482.0M lines, 3 matched, 156420 lines/sec, ~1950.0%, ETA ~-150 min
  1484.0M lines, 3 matched, 156530 lines/sec, ~1952.6%, ETA ~-150 min
  1486.0M lines, 3 matched, 156623 lines/sec, ~1955.3%, ETA ~-150 min
  1488.0M lines, 3 matched, 156717 lines/sec, ~1957.9%, ETA ~-150 min
  1490.0M lines, 3 matched, 156809 lines/sec, ~1960.5%, ETA ~-150 min
  1492.0M lines, 3 matched, 156906 lines/sec, ~1963.2%, ETA ~-150 min
  1494.0M lines, 3 matched, 157020 lines/sec, ~1965.8%, ETA ~-151 min
  1496.0M lines, 3 matched, 157088 lines/sec, ~1968.4%, ETA ~-151 min
  1498.0M lines, 3 matched, 157139 lines/sec, ~1971.1%, ETA ~-151 min
  1500.0M lines, 3 matched, 157175 lines/sec, ~1973.7%, ETA ~-151 min
  1502.0M lines, 3 matched, 157216 lines/sec, ~1976.3%, ETA ~-151 min
  1504.0M lines, 3 matched, 157269 lines/sec, ~1978.9%, ETA ~-151 min
  1506.0M lines, 3 matched, 157302 lines/sec, ~1981.6%, ETA ~-152 min
  1508.0M lines, 3 matched, 157331 lines/sec, ~1984.2%, ETA ~-152 min
  1510.0M lines, 3 matched, 157415 lines/sec, ~1986.8%, ETA ~-152 min
  1512.0M lines, 3 matched, 157517 lines/sec, ~1989.5%, ETA ~-152 min
  1514.0M lines, 3 matched, 157635 lines/sec, ~1992.1%, ETA ~-152 min
  1516.0M lines, 3 matched, 157750 lines/sec, ~1994.7%, ETA ~-152 min
  1518.0M lines, 3 matched, 157829 lines/sec, ~1997.4%, ETA ~-152 min
  1520.0M lines, 3 matched, 157907 lines/sec, ~2000.0%, ETA ~-152 min
  1522.0M lines, 3 matched, 158001 lines/sec, ~2002.6%, ETA ~-153 min
  1524.0M lines, 3 matched, 158022 lines/sec, ~2005.3%, ETA ~-153 min
  1526.0M lines, 3 matched, 158054 lines/sec, ~2007.9%, ETA ~-153 min
  1528.0M lines, 3 matched, 158039 lines/sec, ~2010.5%, ETA ~-153 min
  1530.0M lines, 3 matched, 157997 lines/sec, ~2013.2%, ETA ~-153 min
  1532.0M lines, 3 matched, 158021 lines/sec, ~2015.8%, ETA ~-154 min
  1534.0M lines, 3 matched, 158007 lines/sec, ~2018.4%, ETA ~-154 min
  1536.0M lines, 3 matched, 157990 lines/sec, ~2021.1%, ETA ~-154 min
  1538.0M lines, 3 matched, 157979 lines/sec, ~2023.7%, ETA ~-154 min
  1540.0M lines, 3 matched, 157931 lines/sec, ~2026.3%, ETA ~-154 min
  1542.0M lines, 3 matched, 157831 lines/sec, ~2028.9%, ETA ~-155 min
  1544.0M lines, 3 matched, 157718 lines/sec, ~2031.6%, ETA ~-155 min
  1546.0M lines, 3 matched, 157699 lines/sec, ~2034.2%, ETA ~-155 min
  1548.0M lines, 3 matched, 157585 lines/sec, ~2036.8%, ETA ~-156 min
  1550.0M lines, 3 matched, 157554 lines/sec, ~2039.5%, ETA ~-156 min
  1552.0M lines, 3 matched, 157658 lines/sec, ~2042.1%, ETA ~-156 min
  1554.0M lines, 3 matched, 157761 lines/sec, ~2044.7%, ETA ~-156 min
  1556.0M lines, 3 matched, 157854 lines/sec, ~2047.4%, ETA ~-156 min
  1558.0M lines, 3 matched, 157959 lines/sec, ~2050.0%, ETA ~-156 min
  1560.0M lines, 3 matched, 158059 lines/sec, ~2052.6%, ETA ~-156 min
  1562.0M lines, 3 matched, 158150 lines/sec, ~2055.3%, ETA ~-157 min
  1564.0M lines, 3 matched, 158244 lines/sec, ~2057.9%, ETA ~-157 min
  1566.0M lines, 3 matched, 158338 lines/sec, ~2060.5%, ETA ~-157 min
  1568.0M lines, 3 matched, 158440 lines/sec, ~2063.2%, ETA ~-157 min
  1570.0M lines, 3 matched, 158551 lines/sec, ~2065.8%, ETA ~-157 min
  1572.0M lines, 3 matched, 158666 lines/sec, ~2068.4%, ETA ~-157 min
  1574.0M lines, 3 matched, 158783 lines/sec, ~2071.1%, ETA ~-157 min
  1576.0M lines, 3 matched, 158893 lines/sec, ~2073.7%, ETA ~-157 min
  1578.0M lines, 3 matched, 159012 lines/sec, ~2076.3%, ETA ~-157 min
  1580.0M lines, 3 matched, 159127 lines/sec, ~2078.9%, ETA ~-158 min
  1582.0M lines, 3 matched, 159256 lines/sec, ~2081.6%, ETA ~-158 min
  1584.0M lines, 3 matched, 159372 lines/sec, ~2084.2%, ETA ~-158 min
  1586.0M lines, 3 matched, 159474 lines/sec, ~2086.8%, ETA ~-158 min
  1588.0M lines, 3 matched, 159571 lines/sec, ~2089.5%, ETA ~-158 min
  1590.0M lines, 3 matched, 159668 lines/sec, ~2092.1%, ETA ~-158 min
  1592.0M lines, 3 matched, 159766 lines/sec, ~2094.7%, ETA ~-158 min
  1594.0M lines, 3 matched, 159872 lines/sec, ~2097.4%, ETA ~-158 min
  1596.0M lines, 3 matched, 159980 lines/sec, ~2100.0%, ETA ~-158 min
  1598.0M lines, 3 matched, 160075 lines/sec, ~2102.6%, ETA ~-158 min
  1600.0M lines, 3 matched, 160168 lines/sec, ~2105.3%, ETA ~-159 min
  1602.0M lines, 3 matched, 160267 lines/sec, ~2107.9%, ETA ~-159 min
  1604.0M lines, 3 matched, 160362 lines/sec, ~2110.5%, ETA ~-159 min
  1606.0M lines, 3 matched, 160478 lines/sec, ~2113.2%, ETA ~-159 min
  1608.0M lines, 3 matched, 160583 lines/sec, ~2115.8%, ETA ~-159 min
  1610.0M lines, 3 matched, 160684 lines/sec, ~2118.4%, ETA ~-159 min
  1612.0M lines, 3 matched, 160791 lines/sec, ~2121.1%, ETA ~-159 min
  1614.0M lines, 3 matched, 160887 lines/sec, ~2123.7%, ETA ~-159 min
  1616.0M lines, 3 matched, 160984 lines/sec, ~2126.3%, ETA ~-159 min
  1618.0M lines, 3 matched, 161057 lines/sec, ~2128.9%, ETA ~-160 min
  1620.0M lines, 3 matched, 161144 lines/sec, ~2131.6%, ETA ~-160 min
  1622.0M lines, 3 matched, 161204 lines/sec, ~2134.2%, ETA ~-160 min
  1624.0M lines, 3 matched, 161244 lines/sec, ~2136.8%, ETA ~-160 min
  1626.0M lines, 3 matched, 161342 lines/sec, ~2139.5%, ETA ~-160 min
  1628.0M lines, 3 matched, 161441 lines/sec, ~2142.1%, ETA ~-160 min
  1630.0M lines, 3 matched, 161537 lines/sec, ~2144.7%, ETA ~-160 min
  1632.0M lines, 3 matched, 161640 lines/sec, ~2147.4%, ETA ~-160 min
  1634.0M lines, 3 matched, 161739 lines/sec, ~2150.0%, ETA ~-161 min
  1636.0M lines, 3 matched, 161813 lines/sec, ~2152.6%, ETA ~-161 min
  1638.0M lines, 3 matched, 161877 lines/sec, ~2155.3%, ETA ~-161 min
  1640.0M lines, 3 matched, 161973 lines/sec, ~2157.9%, ETA ~-161 min
  1642.0M lines, 3 matched, 162070 lines/sec, ~2160.5%, ETA ~-161 min
  1644.0M lines, 3 matched, 162159 lines/sec, ~2163.2%, ETA ~-161 min
  1646.0M lines, 3 matched, 162230 lines/sec, ~2165.8%, ETA ~-161 min
  1648.0M lines, 3 matched, 162326 lines/sec, ~2168.4%, ETA ~-161 min
  1650.0M lines, 3 matched, 162440 lines/sec, ~2171.1%, ETA ~-161 min
  1652.0M lines, 3 matched, 162553 lines/sec, ~2173.7%, ETA ~-162 min
  1654.0M lines, 3 matched, 162670 lines/sec, ~2176.3%, ETA ~-162 min
  1656.0M lines, 3 matched, 162787 lines/sec, ~2178.9%, ETA ~-162 min
  1658.0M lines, 3 matched, 162902 lines/sec, ~2181.6%, ETA ~-162 min
  1660.0M lines, 3 matched, 163034 lines/sec, ~2184.2%, ETA ~-162 min
  1662.0M lines, 3 matched, 163153 lines/sec, ~2186.8%, ETA ~-162 min
  1664.0M lines, 3 matched, 163265 lines/sec, ~2189.5%, ETA ~-162 min
  1666.0M lines, 3 matched, 163371 lines/sec, ~2192.1%, ETA ~-162 min
  1668.0M lines, 3 matched, 163488 lines/sec, ~2194.7%, ETA ~-162 min
  1670.0M lines, 3 matched, 163602 lines/sec, ~2197.4%, ETA ~-162 min
  1672.0M lines, 3 matched, 163689 lines/sec, ~2200.0%, ETA ~-163 min
  1674.0M lines, 3 matched, 163771 lines/sec, ~2202.6%, ETA ~-163 min
  1676.0M lines, 3 matched, 163864 lines/sec, ~2205.3%, ETA ~-163 min
  1678.0M lines, 3 matched, 163933 lines/sec, ~2207.9%, ETA ~-163 min
  1680.0M lines, 3 matched, 163987 lines/sec, ~2210.5%, ETA ~-163 min
  1682.0M lines, 3 matched, 164100 lines/sec, ~2213.2%, ETA ~-163 min
  1684.0M lines, 3 matched, 164171 lines/sec, ~2215.8%, ETA ~-163 min
  1686.0M lines, 3 matched, 164270 lines/sec, ~2218.4%, ETA ~-163 min
  1688.0M lines, 3 matched, 164358 lines/sec, ~2221.1%, ETA ~-163 min
  1690.0M lines, 3 matched, 164476 lines/sec, ~2223.7%, ETA ~-164 min
  1692.0M lines, 3 matched, 164598 lines/sec, ~2226.3%, ETA ~-164 min
  1694.0M lines, 3 matched, 164714 lines/sec, ~2228.9%, ETA ~-164 min
  1696.0M lines, 3 matched, 164836 lines/sec, ~2231.6%, ETA ~-164 min
  1698.0M lines, 3 matched, 164963 lines/sec, ~2234.2%, ETA ~-164 min
  1700.0M lines, 3 matched, 165082 lines/sec, ~2236.8%, ETA ~-164 min
  1702.0M lines, 3 matched, 165192 lines/sec, ~2239.5%, ETA ~-164 min
  1704.0M lines, 3 matched, 165304 lines/sec, ~2242.1%, ETA ~-164 min
  1706.0M lines, 3 matched, 165422 lines/sec, ~2244.7%, ETA ~-164 min
  1708.0M lines, 3 matched, 165540 lines/sec, ~2247.4%, ETA ~-164 min
  1710.0M lines, 3 matched, 165658 lines/sec, ~2250.0%, ETA ~-164 min
  1712.0M lines, 3 matched, 165762 lines/sec, ~2252.6%, ETA ~-164 min
  1714.0M lines, 3 matched, 165882 lines/sec, ~2255.3%, ETA ~-165 min
  1716.0M lines, 3 matched, 165991 lines/sec, ~2257.9%, ETA ~-165 min
  1718.0M lines, 3 matched, 166090 lines/sec, ~2260.5%, ETA ~-165 min
  1720.0M lines, 3 matched, 166199 lines/sec, ~2263.2%, ETA ~-165 min
  1722.0M lines, 3 matched, 166316 lines/sec, ~2265.8%, ETA ~-165 min
  1724.0M lines, 3 matched, 166414 lines/sec, ~2268.4%, ETA ~-165 min
  1726.0M lines, 3 matched, 166530 lines/sec, ~2271.1%, ETA ~-165 min
  1728.0M lines, 3 matched, 166653 lines/sec, ~2273.7%, ETA ~-165 min
  1730.0M lines, 3 matched, 166784 lines/sec, ~2276.3%, ETA ~-165 min
  1732.0M lines, 3 matched, 166913 lines/sec, ~2278.9%, ETA ~-165 min
  1734.0M lines, 3 matched, 167041 lines/sec, ~2281.6%, ETA ~-165 min
  1736.0M lines, 3 matched, 167164 lines/sec, ~2284.2%, ETA ~-166 min
  1738.0M lines, 3 matched, 167273 lines/sec, ~2286.8%, ETA ~-166 min
  1740.0M lines, 3 matched, 167406 lines/sec, ~2289.5%, ETA ~-166 min
  1742.0M lines, 3 matched, 167533 lines/sec, ~2292.1%, ETA ~-166 min
  1744.0M lines, 3 matched, 167663 lines/sec, ~2294.7%, ETA ~-166 min
  1746.0M lines, 3 matched, 167791 lines/sec, ~2297.4%, ETA ~-166 min
  1748.0M lines, 3 matched, 167912 lines/sec, ~2300.0%, ETA ~-166 min
  1750.0M lines, 3 matched, 168036 lines/sec, ~2302.6%, ETA ~-166 min
  1752.0M lines, 3 matched, 168141 lines/sec, ~2305.3%, ETA ~-166 min
  1754.0M lines, 3 matched, 168221 lines/sec, ~2307.9%, ETA ~-166 min
  1756.0M lines, 3 matched, 168296 lines/sec, ~2310.5%, ETA ~-166 min
  1758.0M lines, 3 matched, 168337 lines/sec, ~2313.2%, ETA ~-167 min
  1760.0M lines, 3 matched, 168409 lines/sec, ~2315.8%, ETA ~-167 min
  1762.0M lines, 3 matched, 168479 lines/sec, ~2318.4%, ETA ~-167 min
  1764.0M lines, 3 matched, 168549 lines/sec, ~2321.1%, ETA ~-167 min
  1766.0M lines, 3 matched, 168645 lines/sec, ~2323.7%, ETA ~-167 min
  1768.0M lines, 3 matched, 168741 lines/sec, ~2326.3%, ETA ~-167 min
  1770.0M lines, 3 matched, 168836 lines/sec, ~2328.9%, ETA ~-167 min
  1772.0M lines, 3 matched, 168918 lines/sec, ~2331.6%, ETA ~-167 min
  1774.0M lines, 3 matched, 169010 lines/sec, ~2334.2%, ETA ~-167 min
  1776.0M lines, 3 matched, 169114 lines/sec, ~2336.8%, ETA ~-168 min
  1778.0M lines, 3 matched, 169210 lines/sec, ~2339.5%, ETA ~-168 min
  1780.0M lines, 3 matched, 169287 lines/sec, ~2342.1%, ETA ~-168 min
  1782.0M lines, 3 matched, 169361 lines/sec, ~2344.7%, ETA ~-168 min
  1784.0M lines, 3 matched, 169448 lines/sec, ~2347.4%, ETA ~-168 min
  1786.0M lines, 3 matched, 169551 lines/sec, ~2350.0%, ETA ~-168 min
  1788.0M lines, 3 matched, 169668 lines/sec, ~2352.6%, ETA ~-168 min
  1790.0M lines, 3 matched, 169777 lines/sec, ~2355.3%, ETA ~-168 min
  1792.0M lines, 3 matched, 169839 lines/sec, ~2357.9%, ETA ~-168 min
  1794.0M lines, 3 matched, 169783 lines/sec, ~2360.5%, ETA ~-169 min
  1796.0M lines, 3 matched, 169892 lines/sec, ~2363.2%, ETA ~-169 min
  1798.0M lines, 3 matched, 169882 lines/sec, ~2365.8%, ETA ~-169 min
  1800.0M lines, 3 matched, 169881 lines/sec, ~2368.4%, ETA ~-169 min
  1802.0M lines, 3 matched, 169935 lines/sec, ~2371.1%, ETA ~-169 min
  1804.0M lines, 3 matched, 170006 lines/sec, ~2373.7%, ETA ~-169 min
  1806.0M lines, 3 matched, 170080 lines/sec, ~2376.3%, ETA ~-170 min
  1808.0M lines, 3 matched, 170156 lines/sec, ~2378.9%, ETA ~-170 min
  1810.0M lines, 3 matched, 170252 lines/sec, ~2381.6%, ETA ~-170 min
  1812.0M lines, 3 matched, 170331 lines/sec, ~2384.2%, ETA ~-170 min
  1814.0M lines, 3 matched, 170400 lines/sec, ~2386.8%, ETA ~-170 min
  1816.0M lines, 3 matched, 170470 lines/sec, ~2389.5%, ETA ~-170 min
  1818.0M lines, 3 matched, 170497 lines/sec, ~2392.1%, ETA ~-170 min
  1820.0M lines, 3 matched, 170559 lines/sec, ~2394.7%, ETA ~-170 min
  1822.0M lines, 3 matched, 170583 lines/sec, ~2397.4%, ETA ~-171 min
  1824.0M lines, 3 matched, 170575 lines/sec, ~2400.0%, ETA ~-171 min
  1826.0M lines, 3 matched, 170416 lines/sec, ~2402.6%, ETA ~-171 min
  1828.0M lines, 3 matched, 170446 lines/sec, ~2405.3%, ETA ~-171 min
  1830.0M lines, 3 matched, 170534 lines/sec, ~2407.9%, ETA ~-171 min
  1832.0M lines, 3 matched, 170633 lines/sec, ~2410.5%, ETA ~-172 min
  1834.0M lines, 3 matched, 170725 lines/sec, ~2413.2%, ETA ~-172 min
  1836.0M lines, 3 matched, 170811 lines/sec, ~2415.8%, ETA ~-172 min
  1838.0M lines, 3 matched, 170904 lines/sec, ~2418.4%, ETA ~-172 min
  1840.0M lines, 3 matched, 171003 lines/sec, ~2421.1%, ETA ~-172 min
  1842.0M lines, 3 matched, 171101 lines/sec, ~2423.7%, ETA ~-172 min
  1844.0M lines, 3 matched, 171194 lines/sec, ~2426.3%, ETA ~-172 min
  1846.0M lines, 3 matched, 171300 lines/sec, ~2428.9%, ETA ~-172 min
  1848.0M lines, 3 matched, 171404 lines/sec, ~2431.6%, ETA ~-172 min
  1850.0M lines, 3 matched, 171513 lines/sec, ~2434.2%, ETA ~-172 min
  1852.0M lines, 3 matched, 171611 lines/sec, ~2436.8%, ETA ~-172 min
  1854.0M lines, 3 matched, 171704 lines/sec, ~2439.5%, ETA ~-173 min
  1856.0M lines, 3 matched, 171794 lines/sec, ~2442.1%, ETA ~-173 min
  1858.0M lines, 3 matched, 171872 lines/sec, ~2444.7%, ETA ~-173 min
  1860.0M lines, 3 matched, 171950 lines/sec, ~2447.4%, ETA ~-173 min
  1862.0M lines, 3 matched, 172020 lines/sec, ~2450.0%, ETA ~-173 min
  1864.0M lines, 3 matched, 172105 lines/sec, ~2452.6%, ETA ~-173 min
  1866.0M lines, 3 matched, 172193 lines/sec, ~2455.3%, ETA ~-173 min
  1868.0M lines, 3 matched, 172275 lines/sec, ~2457.9%, ETA ~-173 min
  1870.0M lines, 3 matched, 172361 lines/sec, ~2460.5%, ETA ~-173 min
  1872.0M lines, 3 matched, 172428 lines/sec, ~2463.2%, ETA ~-174 min
  1874.0M lines, 3 matched, 172496 lines/sec, ~2465.8%, ETA ~-174 min
  1876.0M lines, 3 matched, 172563 lines/sec, ~2468.4%, ETA ~-174 min
  1878.0M lines, 3 matched, 172649 lines/sec, ~2471.1%, ETA ~-174 min
  1880.0M lines, 3 matched, 172723 lines/sec, ~2473.7%, ETA ~-174 min
  1882.0M lines, 3 matched, 172815 lines/sec, ~2476.3%, ETA ~-174 min
  1884.0M lines, 3 matched, 172890 lines/sec, ~2478.9%, ETA ~-174 min
  1886.0M lines, 3 matched, 172965 lines/sec, ~2481.6%, ETA ~-174 min
  1888.0M lines, 3 matched, 173035 lines/sec, ~2484.2%, ETA ~-175 min
  1890.0M lines, 3 matched, 173114 lines/sec, ~2486.8%, ETA ~-175 min
  1892.0M lines, 3 matched, 173196 lines/sec, ~2489.5%, ETA ~-175 min
  1894.0M lines, 3 matched, 173266 lines/sec, ~2492.1%, ETA ~-175 min
  1896.0M lines, 3 matched, 173319 lines/sec, ~2494.7%, ETA ~-175 min
  1898.0M lines, 3 matched, 173395 lines/sec, ~2497.4%, ETA ~-175 min
  1900.0M lines, 3 matched, 173479 lines/sec, ~2500.0%, ETA ~-175 min
  1902.0M lines, 3 matched, 173565 lines/sec, ~2502.6%, ETA ~-175 min
  1904.0M lines, 3 matched, 173655 lines/sec, ~2505.3%, ETA ~-175 min
  1906.0M lines, 3 matched, 173752 lines/sec, ~2507.9%, ETA ~-176 min
  1908.0M lines, 3 matched, 173843 lines/sec, ~2510.5%, ETA ~-176 min
  1910.0M lines, 3 matched, 173929 lines/sec, ~2513.2%, ETA ~-176 min
  1912.0M lines, 3 matched, 173998 lines/sec, ~2515.8%, ETA ~-176 min
  1914.0M lines, 3 matched, 174068 lines/sec, ~2518.4%, ETA ~-176 min
  1916.0M lines, 3 matched, 174132 lines/sec, ~2521.1%, ETA ~-176 min
  1918.0M lines, 3 matched, 174179 lines/sec, ~2523.7%, ETA ~-176 min
  1920.0M lines, 3 matched, 174220 lines/sec, ~2526.3%, ETA ~-176 min
  1922.0M lines, 3 matched, 174279 lines/sec, ~2528.9%, ETA ~-177 min
  1924.0M lines, 3 matched, 174355 lines/sec, ~2531.6%, ETA ~-177 min
  1926.0M lines, 3 matched, 174431 lines/sec, ~2534.2%, ETA ~-177 min
  1928.0M lines, 3 matched, 174519 lines/sec, ~2536.8%, ETA ~-177 min
  1930.0M lines, 3 matched, 174600 lines/sec, ~2539.5%, ETA ~-177 min
  1932.0M lines, 3 matched, 174685 lines/sec, ~2542.1%, ETA ~-177 min
  1934.0M lines, 3 matched, 174779 lines/sec, ~2544.7%, ETA ~-177 min
  1936.0M lines, 3 matched, 174868 lines/sec, ~2547.4%, ETA ~-177 min
  1938.0M lines, 3 matched, 174949 lines/sec, ~2550.0%, ETA ~-177 min
  1940.0M lines, 3 matched, 175020 lines/sec, ~2552.6%, ETA ~-178 min
  1942.0M lines, 3 matched, 175093 lines/sec, ~2555.3%, ETA ~-178 min
  1944.0M lines, 3 matched, 175169 lines/sec, ~2557.9%, ETA ~-178 min
  1946.0M lines, 3 matched, 175239 lines/sec, ~2560.5%, ETA ~-178 min
  1948.0M lines, 3 matched, 175309 lines/sec, ~2563.2%, ETA ~-178 min
  1950.0M lines, 3 matched, 175393 lines/sec, ~2565.8%, ETA ~-178 min
  1952.0M lines, 3 matched, 175457 lines/sec, ~2568.4%, ETA ~-178 min
  1954.0M lines, 3 matched, 175530 lines/sec, ~2571.1%, ETA ~-178 min
  1956.0M lines, 3 matched, 175591 lines/sec, ~2573.7%, ETA ~-178 min
  1958.0M lines, 3 matched, 175652 lines/sec, ~2576.3%, ETA ~-179 min
  1960.0M lines, 3 matched, 175720 lines/sec, ~2578.9%, ETA ~-179 min
  1962.0M lines, 3 matched, 175789 lines/sec, ~2581.6%, ETA ~-179 min
  1964.0M lines, 3 matched, 175863 lines/sec, ~2584.2%, ETA ~-179 min
  1966.0M lines, 3 matched, 175941 lines/sec, ~2586.8%, ETA ~-179 min
  1968.0M lines, 3 matched, 176012 lines/sec, ~2589.5%, ETA ~-179 min
  1970.0M lines, 3 matched, 176090 lines/sec, ~2592.1%, ETA ~-179 min
  1972.0M lines, 3 matched, 176164 lines/sec, ~2594.7%, ETA ~-179 min
  1974.0M lines, 3 matched, 176237 lines/sec, ~2597.4%, ETA ~-179 min
  1976.0M lines, 3 matched, 176315 lines/sec, ~2600.0%, ETA ~-180 min
  1978.0M lines, 3 matched, 176393 lines/sec, ~2602.6%, ETA ~-180 min
  1980.0M lines, 3 matched, 176466 lines/sec, ~2605.3%, ETA ~-180 min
  1982.0M lines, 3 matched, 176540 lines/sec, ~2607.9%, ETA ~-180 min
  1984.0M lines, 3 matched, 176615 lines/sec, ~2610.5%, ETA ~-180 min
  1986.0M lines, 3 matched, 176686 lines/sec, ~2613.2%, ETA ~-180 min
  1988.0M lines, 3 matched, 176768 lines/sec, ~2615.8%, ETA ~-180 min
  1990.0M lines, 3 matched, 176853 lines/sec, ~2618.4%, ETA ~-180 min
  1992.0M lines, 3 matched, 176942 lines/sec, ~2621.1%, ETA ~-180 min
  1994.0M lines, 3 matched, 177036 lines/sec, ~2623.7%, ETA ~-181 min
  1996.0M lines, 3 matched, 177121 lines/sec, ~2626.3%, ETA ~-181 min
  1998.0M lines, 3 matched, 177202 lines/sec, ~2628.9%, ETA ~-181 min
  2000.0M lines, 3 matched, 177286 lines/sec, ~2631.6%, ETA ~-181 min
  2002.0M lines, 3 matched, 177383 lines/sec, ~2634.2%, ETA ~-181 min
  2004.0M lines, 3 matched, 177486 lines/sec, ~2636.8%, ETA ~-181 min
  2006.0M lines, 3 matched, 177563 lines/sec, ~2639.5%, ETA ~-181 min
  2008.0M lines, 3 matched, 177646 lines/sec, ~2642.1%, ETA ~-181 min
  2010.0M lines, 3 matched, 177706 lines/sec, ~2644.7%, ETA ~-181 min
  2012.0M lines, 3 matched, 177790 lines/sec, ~2647.4%, ETA ~-181 min
  2014.0M lines, 3 matched, 177882 lines/sec, ~2650.0%, ETA ~-182 min
  2016.0M lines, 3 matched, 177921 lines/sec, ~2652.6%, ETA ~-182 min
  2018.0M lines, 3 matched, 177983 lines/sec, ~2655.3%, ETA ~-182 min
  2020.0M lines, 3 matched, 178050 lines/sec, ~2657.9%, ETA ~-182 min
  2022.0M lines, 3 matched, 178130 lines/sec, ~2660.5%, ETA ~-182 min
  2024.0M lines, 3 matched, 178218 lines/sec, ~2663.2%, ETA ~-182 min
  2026.0M lines, 3 matched, 178305 lines/sec, ~2665.8%, ETA ~-182 min
  2028.0M lines, 3 matched, 178391 lines/sec, ~2668.4%, ETA ~-182 min
  2030.0M lines, 3 matched, 178446 lines/sec, ~2671.1%, ETA ~-183 min
  2032.0M lines, 3 matched, 178525 lines/sec, ~2673.7%, ETA ~-183 min
  2034.0M lines, 3 matched, 178585 lines/sec, ~2676.3%, ETA ~-183 min
  2036.0M lines, 3 matched, 178675 lines/sec, ~2678.9%, ETA ~-183 min
  2038.0M lines, 3 matched, 178767 lines/sec, ~2681.6%, ETA ~-183 min
  2040.0M lines, 3 matched, 178848 lines/sec, ~2684.2%, ETA ~-183 min
  2042.0M lines, 3 matched, 178938 lines/sec, ~2686.8%, ETA ~-183 min
  2044.0M lines, 3 matched, 179034 lines/sec, ~2689.5%, ETA ~-183 min
  2046.0M lines, 3 matched, 179130 lines/sec, ~2692.1%, ETA ~-183 min
  2048.0M lines, 3 matched, 179223 lines/sec, ~2694.7%, ETA ~-183 min
  2050.0M lines, 3 matched, 179321 lines/sec, ~2697.4%, ETA ~-183 min
  2052.0M lines, 3 matched, 179395 lines/sec, ~2700.0%, ETA ~-184 min
  2054.0M lines, 3 matched, 179465 lines/sec, ~2702.6%, ETA ~-184 min
  2056.0M lines, 3 matched, 179512 lines/sec, ~2705.3%, ETA ~-184 min
  2058.0M lines, 3 matched, 179597 lines/sec, ~2707.9%, ETA ~-184 min
  2060.0M lines, 3 matched, 179682 lines/sec, ~2710.5%, ETA ~-184 min
  2062.0M lines, 3 matched, 179769 lines/sec, ~2713.2%, ETA ~-184 min
  2064.0M lines, 3 matched, 179848 lines/sec, ~2715.8%, ETA ~-184 min
  2066.0M lines, 3 matched, 179890 lines/sec, ~2718.4%, ETA ~-184 min
  2068.0M lines, 3 matched, 179932 lines/sec, ~2721.1%, ETA ~-185 min
  2070.0M lines, 3 matched, 179978 lines/sec, ~2723.7%, ETA ~-185 min
  2072.0M lines, 3 matched, 180017 lines/sec, ~2726.3%, ETA ~-185 min
  2074.0M lines, 3 matched, 180064 lines/sec, ~2728.9%, ETA ~-185 min
  2076.0M lines, 3 matched, 180116 lines/sec, ~2731.6%, ETA ~-185 min
  2078.0M lines, 3 matched, 180181 lines/sec, ~2734.2%, ETA ~-185 min
  2080.0M lines, 3 matched, 180262 lines/sec, ~2736.8%, ETA ~-185 min
  2082.0M lines, 3 matched, 180323 lines/sec, ~2739.5%, ETA ~-185 min
  2084.0M lines, 3 matched, 180386 lines/sec, ~2742.1%, ETA ~-186 min
  2086.0M lines, 3 matched, 180471 lines/sec, ~2744.7%, ETA ~-186 min
  2088.0M lines, 3 matched, 180531 lines/sec, ~2747.4%, ETA ~-186 min
  2090.0M lines, 3 matched, 180584 lines/sec, ~2750.0%, ETA ~-186 min
  2092.0M lines, 3 matched, 180607 lines/sec, ~2752.6%, ETA ~-186 min
  2094.0M lines, 3 matched, 180701 lines/sec, ~2755.3%, ETA ~-186 min
  2096.0M lines, 3 matched, 180799 lines/sec, ~2757.9%, ETA ~-186 min
  2098.0M lines, 3 matched, 180887 lines/sec, ~2760.5%, ETA ~-186 min
  2100.0M lines, 3 matched, 180956 lines/sec, ~2763.2%, ETA ~-186 min
  2102.0M lines, 3 matched, 181038 lines/sec, ~2765.8%, ETA ~-187 min
  2104.0M lines, 3 matched, 181102 lines/sec, ~2768.4%, ETA ~-187 min
  2106.0M lines, 3 matched, 181167 lines/sec, ~2771.1%, ETA ~-187 min
  2108.0M lines, 3 matched, 181223 lines/sec, ~2773.7%, ETA ~-187 min
  2110.0M lines, 3 matched, 181292 lines/sec, ~2776.3%, ETA ~-187 min
  2112.0M lines, 3 matched, 181364 lines/sec, ~2778.9%, ETA ~-187 min
  2114.0M lines, 3 matched, 181415 lines/sec, ~2781.6%, ETA ~-187 min
  2116.0M lines, 3 matched, 181484 lines/sec, ~2784.2%, ETA ~-187 min
  2118.0M lines, 3 matched, 181554 lines/sec, ~2786.8%, ETA ~-187 min
  2120.0M lines, 3 matched, 181595 lines/sec, ~2789.5%, ETA ~-188 min
  2122.0M lines, 3 matched, 181658 lines/sec, ~2792.1%, ETA ~-188 min
  2124.0M lines, 3 matched, 181719 lines/sec, ~2794.7%, ETA ~-188 min
  2126.0M lines, 3 matched, 181776 lines/sec, ~2797.4%, ETA ~-188 min
  2128.0M lines, 3 matched, 181842 lines/sec, ~2800.0%, ETA ~-188 min
  2130.0M lines, 3 matched, 181902 lines/sec, ~2802.6%, ETA ~-188 min
  2132.0M lines, 3 matched, 181908 lines/sec, ~2805.3%, ETA ~-188 min
  2134.0M lines, 3 matched, 181939 lines/sec, ~2807.9%, ETA ~-189 min
  2136.0M lines, 3 matched, 181993 lines/sec, ~2810.5%, ETA ~-189 min
  2138.0M lines, 3 matched, 182055 lines/sec, ~2813.2%, ETA ~-189 min
  2140.0M lines, 3 matched, 182087 lines/sec, ~2815.8%, ETA ~-189 min
  2142.0M lines, 3 matched, 182123 lines/sec, ~2818.4%, ETA ~-189 min
  2144.0M lines, 3 matched, 182173 lines/sec, ~2821.1%, ETA ~-189 min
  2146.0M lines, 3 matched, 182208 lines/sec, ~2823.7%, ETA ~-189 min
  2148.0M lines, 3 matched, 182220 lines/sec, ~2826.3%, ETA ~-190 min
  2150.0M lines, 3 matched, 182249 lines/sec, ~2828.9%, ETA ~-190 min
  2152.0M lines, 3 matched, 182282 lines/sec, ~2831.6%, ETA ~-190 min
  2154.0M lines, 3 matched, 182318 lines/sec, ~2834.2%, ETA ~-190 min
  2156.0M lines, 3 matched, 182353 lines/sec, ~2836.8%, ETA ~-190 min
  2158.0M lines, 3 matched, 182388 lines/sec, ~2839.5%, ETA ~-190 min
  2160.0M lines, 3 matched, 182432 lines/sec, ~2842.1%, ETA ~-190 min
  2162.0M lines, 3 matched, 182475 lines/sec, ~2844.7%, ETA ~-191 min
  2164.0M lines, 3 matched, 182521 lines/sec, ~2847.4%, ETA ~-191 min
  2166.0M lines, 3 matched, 182568 lines/sec, ~2850.0%, ETA ~-191 min
  2168.0M lines, 3 matched, 182611 lines/sec, ~2852.6%, ETA ~-191 min
  2170.0M lines, 3 matched, 182669 lines/sec, ~2855.3%, ETA ~-191 min
  2172.0M lines, 3 matched, 182712 lines/sec, ~2857.9%, ETA ~-191 min
  2174.0M lines, 3 matched, 182764 lines/sec, ~2860.5%, ETA ~-191 min
  2176.0M lines, 3 matched, 182811 lines/sec, ~2863.2%, ETA ~-191 min
  2178.0M lines, 3 matched, 182853 lines/sec, ~2865.8%, ETA ~-192 min
  2180.0M lines, 3 matched, 182900 lines/sec, ~2868.4%, ETA ~-192 min
  2182.0M lines, 3 matched, 182949 lines/sec, ~2871.1%, ETA ~-192 min
  2184.0M lines, 3 matched, 182947 lines/sec, ~2873.7%, ETA ~-192 min
  2186.0M lines, 3 matched, 182996 lines/sec, ~2876.3%, ETA ~-192 min
  2188.0M lines, 3 matched, 183049 lines/sec, ~2878.9%, ETA ~-192 min
  2190.0M lines, 3 matched, 183099 lines/sec, ~2881.6%, ETA ~-192 min
  2192.0M lines, 3 matched, 183112 lines/sec, ~2884.2%, ETA ~-193 min
  2194.0M lines, 3 matched, 183149 lines/sec, ~2886.8%, ETA ~-193 min
  2196.0M lines, 3 matched, 183194 lines/sec, ~2889.5%, ETA ~-193 min
  2198.0M lines, 3 matched, 183241 lines/sec, ~2892.1%, ETA ~-193 min
  2200.0M lines, 3 matched, 183283 lines/sec, ~2894.7%, ETA ~-193 min
  2202.0M lines, 3 matched, 183330 lines/sec, ~2897.4%, ETA ~-193 min
  2204.0M lines, 3 matched, 183367 lines/sec, ~2900.0%, ETA ~-193 min
  2206.0M lines, 3 matched, 183400 lines/sec, ~2902.6%, ETA ~-194 min
  2208.0M lines, 3 matched, 183453 lines/sec, ~2905.3%, ETA ~-194 min
  2210.0M lines, 3 matched, 183491 lines/sec, ~2907.9%, ETA ~-194 min
  2212.0M lines, 3 matched, 183524 lines/sec, ~2910.5%, ETA ~-194 min
  2214.0M lines, 3 matched, 183564 lines/sec, ~2913.2%, ETA ~-194 min
  2216.0M lines, 3 matched, 183586 lines/sec, ~2915.8%, ETA ~-194 min
  2218.0M lines, 3 matched, 183620 lines/sec, ~2918.4%, ETA ~-194 min
  2220.0M lines, 3 matched, 183633 lines/sec, ~2921.1%, ETA ~-195 min
  2222.0M lines, 3 matched, 183662 lines/sec, ~2923.7%, ETA ~-195 min
  2224.0M lines, 3 matched, 183665 lines/sec, ~2926.3%, ETA ~-195 min
  2226.0M lines, 3 matched, 183686 lines/sec, ~2928.9%, ETA ~-195 min
  2228.0M lines, 3 matched, 183713 lines/sec, ~2931.6%, ETA ~-195 min
  2230.0M lines, 3 matched, 183750 lines/sec, ~2934.2%, ETA ~-195 min
  2232.0M lines, 3 matched, 183794 lines/sec, ~2936.8%, ETA ~-196 min
  2234.0M lines, 3 matched, 183836 lines/sec, ~2939.5%, ETA ~-196 min
  2236.0M lines, 3 matched, 183883 lines/sec, ~2942.1%, ETA ~-196 min
  2238.0M lines, 3 matched, 183931 lines/sec, ~2944.7%, ETA ~-196 min
  2240.0M lines, 3 matched, 183972 lines/sec, ~2947.4%, ETA ~-196 min
  2242.0M lines, 3 matched, 184008 lines/sec, ~2950.0%, ETA ~-196 min
  2244.0M lines, 3 matched, 184053 lines/sec, ~2952.6%, ETA ~-196 min
  2246.0M lines, 3 matched, 184099 lines/sec, ~2955.3%, ETA ~-196 min
  2248.0M lines, 3 matched, 184140 lines/sec, ~2957.9%, ETA ~-197 min
  2250.0M lines, 3 matched, 184170 lines/sec, ~2960.5%, ETA ~-197 min
  2252.0M lines, 3 matched, 184199 lines/sec, ~2963.2%, ETA ~-197 min
  2254.0M lines, 3 matched, 184234 lines/sec, ~2965.8%, ETA ~-197 min
  2256.0M lines, 3 matched, 184268 lines/sec, ~2968.4%, ETA ~-197 min
  2258.0M lines, 3 matched, 184285 lines/sec, ~2971.1%, ETA ~-197 min
  2260.0M lines, 3 matched, 184301 lines/sec, ~2973.7%, ETA ~-198 min
  2262.0M lines, 3 matched, 184333 lines/sec, ~2976.3%, ETA ~-198 min
  2264.0M lines, 3 matched, 184348 lines/sec, ~2978.9%, ETA ~-198 min
  2266.0M lines, 3 matched, 184362 lines/sec, ~2981.6%, ETA ~-198 min
  2268.0M lines, 3 matched, 184378 lines/sec, ~2984.2%, ETA ~-198 min
  2270.0M lines, 3 matched, 184403 lines/sec, ~2986.8%, ETA ~-198 min
  2272.0M lines, 3 matched, 184421 lines/sec, ~2989.5%, ETA ~-198 min
  2274.0M lines, 3 matched, 184450 lines/sec, ~2992.1%, ETA ~-199 min
  2276.0M lines, 3 matched, 184501 lines/sec, ~2994.7%, ETA ~-199 min
  2278.0M lines, 3 matched, 184541 lines/sec, ~2997.4%, ETA ~-199 min
  2280.0M lines, 3 matched, 184583 lines/sec, ~3000.0%, ETA ~-199 min
  2282.0M lines, 3 matched, 184615 lines/sec, ~3002.6%, ETA ~-199 min
  2284.0M lines, 3 matched, 184647 lines/sec, ~3005.3%, ETA ~-199 min
  2286.0M lines, 3 matched, 184687 lines/sec, ~3007.9%, ETA ~-199 min
  2288.0M lines, 3 matched, 184731 lines/sec, ~3010.5%, ETA ~-200 min
  2290.0M lines, 3 matched, 184781 lines/sec, ~3013.2%, ETA ~-200 min
  2292.0M lines, 3 matched, 184819 lines/sec, ~3015.8%, ETA ~-200 min
  2294.0M lines, 3 matched, 184858 lines/sec, ~3018.4%, ETA ~-200 min
  2296.0M lines, 3 matched, 184895 lines/sec, ~3021.1%, ETA ~-200 min
  2298.0M lines, 3 matched, 184930 lines/sec, ~3023.7%, ETA ~-200 min
  2300.0M lines, 3 matched, 184965 lines/sec, ~3026.3%, ETA ~-200 min
  2302.0M lines, 3 matched, 185005 lines/sec, ~3028.9%, ETA ~-201 min
  2304.0M lines, 3 matched, 185022 lines/sec, ~3031.6%, ETA ~-201 min
  2306.0M lines, 3 matched, 185057 lines/sec, ~3034.2%, ETA ~-201 min
  2308.0M lines, 3 matched, 185090 lines/sec, ~3036.8%, ETA ~-201 min
  2310.0M lines, 3 matched, 185127 lines/sec, ~3039.5%, ETA ~-201 min
  2312.0M lines, 3 matched, 185164 lines/sec, ~3042.1%, ETA ~-201 min
  2314.0M lines, 3 matched, 185204 lines/sec, ~3044.7%, ETA ~-201 min
  2316.0M lines, 3 matched, 185228 lines/sec, ~3047.4%, ETA ~-202 min
  2318.0M lines, 3 matched, 185252 lines/sec, ~3050.0%, ETA ~-202 min
  2320.0M lines, 3 matched, 185259 lines/sec, ~3052.6%, ETA ~-202 min
  2322.0M lines, 3 matched, 185264 lines/sec, ~3055.3%, ETA ~-202 min
  2324.0M lines, 3 matched, 185297 lines/sec, ~3057.9%, ETA ~-202 min
  2326.0M lines, 3 matched, 185332 lines/sec, ~3060.5%, ETA ~-202 min
  2328.0M lines, 3 matched, 185319 lines/sec, ~3063.2%, ETA ~-203 min
  2330.0M lines, 3 matched, 185353 lines/sec, ~3065.8%, ETA ~-203 min
  2332.0M lines, 3 matched, 185388 lines/sec, ~3068.4%, ETA ~-203 min
  2334.0M lines, 3 matched, 185424 lines/sec, ~3071.1%, ETA ~-203 min
  2336.0M lines, 3 matched, 185445 lines/sec, ~3073.7%, ETA ~-203 min
  2338.0M lines, 3 matched, 185473 lines/sec, ~3076.3%, ETA ~-203 min
  2340.0M lines, 3 matched, 185504 lines/sec, ~3078.9%, ETA ~-203 min
  2342.0M lines, 3 matched, 185536 lines/sec, ~3081.6%, ETA ~-204 min
  2344.0M lines, 3 matched, 185554 lines/sec, ~3084.2%, ETA ~-204 min
  2346.0M lines, 3 matched, 185585 lines/sec, ~3086.8%, ETA ~-204 min
  2348.0M lines, 3 matched, 185626 lines/sec, ~3089.5%, ETA ~-204 min
  2350.0M lines, 3 matched, 185666 lines/sec, ~3092.1%, ETA ~-204 min
  2352.0M lines, 3 matched, 185701 lines/sec, ~3094.7%, ETA ~-204 min
  2354.0M lines, 3 matched, 185735 lines/sec, ~3097.4%, ETA ~-204 min
  2356.0M lines, 3 matched, 185780 lines/sec, ~3100.0%, ETA ~-205 min
  2358.0M lines, 3 matched, 185821 lines/sec, ~3102.6%, ETA ~-205 min
  2360.0M lines, 3 matched, 185855 lines/sec, ~3105.3%, ETA ~-205 min
  2362.0M lines, 3 matched, 185889 lines/sec, ~3107.9%, ETA ~-205 min
  2364.0M lines, 3 matched, 185920 lines/sec, ~3110.5%, ETA ~-205 min
  2366.0M lines, 3 matched, 185943 lines/sec, ~3113.2%, ETA ~-205 min
  2368.0M lines, 3 matched, 185975 lines/sec, ~3115.8%, ETA ~-205 min
  2370.0M lines, 3 matched, 186000 lines/sec, ~3118.4%, ETA ~-206 min
  2372.0M lines, 3 matched, 186029 lines/sec, ~3121.1%, ETA ~-206 min
  2374.0M lines, 3 matched, 186055 lines/sec, ~3123.7%, ETA ~-206 min
  2376.0M lines, 3 matched, 186093 lines/sec, ~3126.3%, ETA ~-206 min
  2378.0M lines, 3 matched, 186125 lines/sec, ~3128.9%, ETA ~-206 min
  2380.0M lines, 3 matched, 186158 lines/sec, ~3131.6%, ETA ~-206 min
  2382.0M lines, 3 matched, 186202 lines/sec, ~3134.2%, ETA ~-206 min
  2384.0M lines, 3 matched, 186244 lines/sec, ~3136.8%, ETA ~-207 min
  2386.0M lines, 3 matched, 186283 lines/sec, ~3139.5%, ETA ~-207 min
  2388.0M lines, 3 matched, 186318 lines/sec, ~3142.1%, ETA ~-207 min
  2390.0M lines, 3 matched, 186348 lines/sec, ~3144.7%, ETA ~-207 min
  2392.0M lines, 3 matched, 186382 lines/sec, ~3147.4%, ETA ~-207 min
  2394.0M lines, 3 matched, 186422 lines/sec, ~3150.0%, ETA ~-207 min
  2396.0M lines, 3 matched, 186467 lines/sec, ~3152.6%, ETA ~-207 min
  2398.0M lines, 3 matched, 186521 lines/sec, ~3155.3%, ETA ~-207 min
  2400.0M lines, 3 matched, 186568 lines/sec, ~3157.9%, ETA ~-208 min
  2402.0M lines, 3 matched, 186608 lines/sec, ~3160.5%, ETA ~-208 min
  2404.0M lines, 3 matched, 186656 lines/sec, ~3163.2%, ETA ~-208 min
  2406.0M lines, 3 matched, 186705 lines/sec, ~3165.8%, ETA ~-208 min
  2408.0M lines, 3 matched, 186755 lines/sec, ~3168.4%, ETA ~-208 min
  2410.0M lines, 3 matched, 186799 lines/sec, ~3171.1%, ETA ~-208 min
  2412.0M lines, 3 matched, 186839 lines/sec, ~3173.7%, ETA ~-208 min
  2414.0M lines, 3 matched, 186884 lines/sec, ~3176.3%, ETA ~-209 min
  2416.0M lines, 3 matched, 186927 lines/sec, ~3178.9%, ETA ~-209 min
  2418.0M lines, 3 matched, 186975 lines/sec, ~3181.6%, ETA ~-209 min
  2420.0M lines, 3 matched, 187020 lines/sec, ~3184.2%, ETA ~-209 min
  2422.0M lines, 3 matched, 187073 lines/sec, ~3186.8%, ETA ~-209 min
  2424.0M lines, 3 matched, 187122 lines/sec, ~3189.5%, ETA ~-209 min
  2426.0M lines, 3 matched, 187171 lines/sec, ~3192.1%, ETA ~-209 min
  2428.0M lines, 3 matched, 187212 lines/sec, ~3194.7%, ETA ~-209 min
  2430.0M lines, 3 matched, 187261 lines/sec, ~3197.4%, ETA ~-210 min
  2432.0M lines, 3 matched, 187331 lines/sec, ~3200.0%, ETA ~-210 min
  2434.0M lines, 3 matched, 187400 lines/sec, ~3202.6%, ETA ~-210 min
  2436.0M lines, 3 matched, 187467 lines/sec, ~3205.3%, ETA ~-210 min
  2438.0M lines, 3 matched, 187530 lines/sec, ~3207.9%, ETA ~-210 min
  2440.0M lines, 3 matched, 187598 lines/sec, ~3210.5%, ETA ~-210 min
  2442.0M lines, 3 matched, 187663 lines/sec, ~3213.2%, ETA ~-210 min
  2444.0M lines, 3 matched, 187728 lines/sec, ~3215.8%, ETA ~-210 min
  2446.0M lines, 3 matched, 187791 lines/sec, ~3218.4%, ETA ~-210 min
  2448.0M lines, 3 matched, 187854 lines/sec, ~3221.1%, ETA ~-210 min
  2450.0M lines, 3 matched, 187916 lines/sec, ~3223.7%, ETA ~-211 min
  2452.0M lines, 3 matched, 187977 lines/sec, ~3226.3%, ETA ~-211 min
  2454.0M lines, 3 matched, 188038 lines/sec, ~3228.9%, ETA ~-211 min
  2456.0M lines, 3 matched, 188099 lines/sec, ~3231.6%, ETA ~-211 min
  2458.0M lines, 3 matched, 188158 lines/sec, ~3234.2%, ETA ~-211 min
  2460.0M lines, 3 matched, 188220 lines/sec, ~3236.8%, ETA ~-211 min
  2462.0M lines, 3 matched, 188270 lines/sec, ~3239.5%, ETA ~-211 min
  2464.0M lines, 3 matched, 188302 lines/sec, ~3242.1%, ETA ~-211 min
  2466.0M lines, 3 matched, 188338 lines/sec, ~3244.7%, ETA ~-211 min
  2468.0M lines, 3 matched, 188397 lines/sec, ~3247.4%, ETA ~-212 min
  2470.0M lines, 3 matched, 188457 lines/sec, ~3250.0%, ETA ~-212 min
  2472.0M lines, 3 matched, 188523 lines/sec, ~3252.6%, ETA ~-212 min
  2474.0M lines, 3 matched, 188593 lines/sec, ~3255.3%, ETA ~-212 min
  2476.0M lines, 3 matched, 188674 lines/sec, ~3257.9%, ETA ~-212 min
  2478.0M lines, 3 matched, 188754 lines/sec, ~3260.5%, ETA ~-212 min
  2480.0M lines, 3 matched, 188843 lines/sec, ~3263.2%, ETA ~-212 min
  2482.0M lines, 3 matched, 188929 lines/sec, ~3265.8%, ETA ~-212 min
  2484.0M lines, 3 matched, 189013 lines/sec, ~3268.4%, ETA ~-212 min
  2486.0M lines, 3 matched, 189101 lines/sec, ~3271.1%, ETA ~-212 min
  2488.0M lines, 3 matched, 189190 lines/sec, ~3273.7%, ETA ~-212 min
  2490.0M lines, 3 matched, 189279 lines/sec, ~3276.3%, ETA ~-213 min
  2492.0M lines, 3 matched, 189367 lines/sec, ~3278.9%, ETA ~-213 min
  2494.0M lines, 3 matched, 189450 lines/sec, ~3281.6%, ETA ~-213 min
  2496.0M lines, 3 matched, 189535 lines/sec, ~3284.2%, ETA ~-213 min
  2498.0M lines, 3 matched, 189623 lines/sec, ~3286.8%, ETA ~-213 min
  2500.0M lines, 3 matched, 189689 lines/sec, ~3289.5%, ETA ~-213 min
  2502.0M lines, 3 matched, 189751 lines/sec, ~3292.1%, ETA ~-213 min
  2504.0M lines, 3 matched, 189829 lines/sec, ~3294.7%, ETA ~-213 min
  2506.0M lines, 3 matched, 189917 lines/sec, ~3297.4%, ETA ~-213 min
  2508.0M lines, 3 matched, 190006 lines/sec, ~3300.0%, ETA ~-213 min
  2510.0M lines, 3 matched, 190101 lines/sec, ~3302.6%, ETA ~-213 min
  2512.0M lines, 3 matched, 190180 lines/sec, ~3305.3%, ETA ~-213 min
  2514.0M lines, 3 matched, 190264 lines/sec, ~3307.9%, ETA ~-214 min
  2516.0M lines, 3 matched, 190349 lines/sec, ~3310.5%, ETA ~-214 min
  2518.0M lines, 3 matched, 190437 lines/sec, ~3313.2%, ETA ~-214 min
  2520.0M lines, 3 matched, 190523 lines/sec, ~3315.8%, ETA ~-214 min
  2522.0M lines, 3 matched, 190607 lines/sec, ~3318.4%, ETA ~-214 min
  2524.0M lines, 3 matched, 190696 lines/sec, ~3321.1%, ETA ~-214 min
  2526.0M lines, 3 matched, 190773 lines/sec, ~3323.7%, ETA ~-214 min
  2528.0M lines, 3 matched, 190859 lines/sec, ~3326.3%, ETA ~-214 min
  2530.0M lines, 3 matched, 190944 lines/sec, ~3328.9%, ETA ~-214 min
  2532.0M lines, 3 matched, 191031 lines/sec, ~3331.6%, ETA ~-214 min
  2534.0M lines, 3 matched, 191120 lines/sec, ~3334.2%, ETA ~-214 min
  2536.0M lines, 3 matched, 191212 lines/sec, ~3336.8%, ETA ~-214 min
  2538.0M lines, 3 matched, 191292 lines/sec, ~3339.5%, ETA ~-215 min
  2540.0M lines, 3 matched, 191372 lines/sec, ~3342.1%, ETA ~-215 min
  2542.0M lines, 3 matched, 191455 lines/sec, ~3344.7%, ETA ~-215 min
  2544.0M lines, 3 matched, 191546 lines/sec, ~3347.4%, ETA ~-215 min
  2546.0M lines, 3 matched, 191641 lines/sec, ~3350.0%, ETA ~-215 min
  2548.0M lines, 3 matched, 191733 lines/sec, ~3352.6%, ETA ~-215 min
  2550.0M lines, 3 matched, 191824 lines/sec, ~3355.3%, ETA ~-215 min
  2552.0M lines, 3 matched, 191919 lines/sec, ~3357.9%, ETA ~-215 min
  2554.0M lines, 3 matched, 192006 lines/sec, ~3360.5%, ETA ~-215 min
  2556.0M lines, 3 matched, 192075 lines/sec, ~3363.2%, ETA ~-215 min
  2558.0M lines, 3 matched, 192147 lines/sec, ~3365.8%, ETA ~-215 min
  2560.0M lines, 3 matched, 192218 lines/sec, ~3368.4%, ETA ~-215 min
  2562.0M lines, 3 matched, 192292 lines/sec, ~3371.1%, ETA ~-215 min
  2564.0M lines, 3 matched, 192377 lines/sec, ~3373.7%, ETA ~-216 min
  2566.0M lines, 3 matched, 192466 lines/sec, ~3376.3%, ETA ~-216 min
  2568.0M lines, 3 matched, 192554 lines/sec, ~3378.9%, ETA ~-216 min
  2570.0M lines, 3 matched, 192643 lines/sec, ~3381.6%, ETA ~-216 min
  2572.0M lines, 3 matched, 192735 lines/sec, ~3384.2%, ETA ~-216 min
  2574.0M lines, 3 matched, 192820 lines/sec, ~3386.8%, ETA ~-216 min
  2576.0M lines, 3 matched, 192900 lines/sec, ~3389.5%, ETA ~-216 min
  2578.0M lines, 3 matched, 192981 lines/sec, ~3392.1%, ETA ~-216 min
  2580.0M lines, 3 matched, 193065 lines/sec, ~3394.7%, ETA ~-216 min
  2582.0M lines, 3 matched, 193148 lines/sec, ~3397.4%, ETA ~-216 min
  2584.0M lines, 3 matched, 193221 lines/sec, ~3400.0%, ETA ~-216 min
  2586.0M lines, 3 matched, 193307 lines/sec, ~3402.6%, ETA ~-216 min
  2588.0M lines, 3 matched, 193394 lines/sec, ~3405.3%, ETA ~-216 min
  2590.0M lines, 3 matched, 193488 lines/sec, ~3407.9%, ETA ~-217 min
  2592.0M lines, 3 matched, 193556 lines/sec, ~3410.5%, ETA ~-217 min
  2594.0M lines, 3 matched, 193635 lines/sec, ~3413.2%, ETA ~-217 min
  2596.0M lines, 3 matched, 193724 lines/sec, ~3415.8%, ETA ~-217 min
  2598.0M lines, 3 matched, 193780 lines/sec, ~3418.4%, ETA ~-217 min
  2600.0M lines, 3 matched, 193831 lines/sec, ~3421.1%, ETA ~-217 min
  2602.0M lines, 3 matched, 193885 lines/sec, ~3423.7%, ETA ~-217 min
  2604.0M lines, 3 matched, 193941 lines/sec, ~3426.3%, ETA ~-217 min
  2606.0M lines, 3 matched, 194002 lines/sec, ~3428.9%, ETA ~-217 min
  2608.0M lines, 3 matched, 194061 lines/sec, ~3431.6%, ETA ~-217 min
  2610.0M lines, 3 matched, 194121 lines/sec, ~3434.2%, ETA ~-218 min
  2612.0M lines, 3 matched, 194181 lines/sec, ~3436.8%, ETA ~-218 min
  2614.0M lines, 3 matched, 194241 lines/sec, ~3439.5%, ETA ~-218 min
  2616.0M lines, 3 matched, 194301 lines/sec, ~3442.1%, ETA ~-218 min
  2618.0M lines, 3 matched, 194366 lines/sec, ~3444.7%, ETA ~-218 min
  2620.0M lines, 3 matched, 194426 lines/sec, ~3447.4%, ETA ~-218 min
  2622.0M lines, 3 matched, 194488 lines/sec, ~3450.0%, ETA ~-218 min
  2624.0M lines, 3 matched, 194552 lines/sec, ~3452.6%, ETA ~-218 min
  2626.0M lines, 3 matched, 194619 lines/sec, ~3455.3%, ETA ~-218 min
  2628.0M lines, 3 matched, 194695 lines/sec, ~3457.9%, ETA ~-218 min
  2630.0M lines, 3 matched, 194768 lines/sec, ~3460.5%, ETA ~-219 min
  2632.0M lines, 3 matched, 194842 lines/sec, ~3463.2%, ETA ~-219 min
  2634.0M lines, 3 matched, 194904 lines/sec, ~3465.8%, ETA ~-219 min
  2636.0M lines, 3 matched, 194964 lines/sec, ~3468.4%, ETA ~-219 min
  2638.0M lines, 3 matched, 195040 lines/sec, ~3471.1%, ETA ~-219 min
  2640.0M lines, 3 matched, 195118 lines/sec, ~3473.7%, ETA ~-219 min
  2642.0M lines, 3 matched, 195201 lines/sec, ~3476.3%, ETA ~-219 min
  2644.0M lines, 3 matched, 195286 lines/sec, ~3478.9%, ETA ~-219 min
  2646.0M lines, 3 matched, 195363 lines/sec, ~3481.6%, ETA ~-219 min
  2648.0M lines, 3 matched, 195441 lines/sec, ~3484.2%, ETA ~-219 min
  2650.0M lines, 3 matched, 195516 lines/sec, ~3486.8%, ETA ~-219 min
  2652.0M lines, 3 matched, 195594 lines/sec, ~3489.5%, ETA ~-220 min
  2654.0M lines, 3 matched, 195668 lines/sec, ~3492.1%, ETA ~-220 min
  2656.0M lines, 3 matched, 195741 lines/sec, ~3494.7%, ETA ~-220 min
  2658.0M lines, 3 matched, 195808 lines/sec, ~3497.4%, ETA ~-220 min
  2660.0M lines, 3 matched, 195876 lines/sec, ~3500.0%, ETA ~-220 min
  2662.0M lines, 3 matched, 195943 lines/sec, ~3502.6%, ETA ~-220 min
  2664.0M lines, 3 matched, 196018 lines/sec, ~3505.3%, ETA ~-220 min
  2666.0M lines, 3 matched, 196089 lines/sec, ~3507.9%, ETA ~-220 min
  2668.0M lines, 3 matched, 196139 lines/sec, ~3510.5%, ETA ~-220 min
  2670.0M lines, 3 matched, 196201 lines/sec, ~3513.2%, ETA ~-220 min
  2672.0M lines, 3 matched, 196265 lines/sec, ~3515.8%, ETA ~-220 min
  2674.0M lines, 3 matched, 196330 lines/sec, ~3518.4%, ETA ~-221 min
  2676.0M lines, 3 matched, 196400 lines/sec, ~3521.1%, ETA ~-221 min
  2678.0M lines, 3 matched, 196466 lines/sec, ~3523.7%, ETA ~-221 min
  2680.0M lines, 3 matched, 196529 lines/sec, ~3526.3%, ETA ~-221 min
  2682.0M lines, 3 matched, 196590 lines/sec, ~3528.9%, ETA ~-221 min
  2684.0M lines, 3 matched, 196659 lines/sec, ~3531.6%, ETA ~-221 min
  2686.0M lines, 3 matched, 196729 lines/sec, ~3534.2%, ETA ~-221 min
  2688.0M lines, 3 matched, 196798 lines/sec, ~3536.8%, ETA ~-221 min
  2690.0M lines, 3 matched, 196860 lines/sec, ~3539.5%, ETA ~-221 min
  2692.0M lines, 3 matched, 196930 lines/sec, ~3542.1%, ETA ~-221 min
  2694.0M lines, 3 matched, 197003 lines/sec, ~3544.7%, ETA ~-221 min
  2696.0M lines, 3 matched, 197067 lines/sec, ~3547.4%, ETA ~-222 min
  2698.0M lines, 3 matched, 197137 lines/sec, ~3550.0%, ETA ~-222 min
  2700.0M lines, 3 matched, 197207 lines/sec, ~3552.6%, ETA ~-222 min
  2702.0M lines, 3 matched, 197273 lines/sec, ~3555.3%, ETA ~-222 min
  2704.0M lines, 3 matched, 197342 lines/sec, ~3557.9%, ETA ~-222 min
  2706.0M lines, 3 matched, 197419 lines/sec, ~3560.5%, ETA ~-222 min
  2708.0M lines, 3 matched, 197495 lines/sec, ~3563.2%, ETA ~-222 min
  2710.0M lines, 3 matched, 197570 lines/sec, ~3565.8%, ETA ~-222 min
  2712.0M lines, 3 matched, 197645 lines/sec, ~3568.4%, ETA ~-222 min
  2714.0M lines, 3 matched, 197716 lines/sec, ~3571.1%, ETA ~-222 min
  2716.0M lines, 3 matched, 197788 lines/sec, ~3573.7%, ETA ~-222 min
  2718.0M lines, 3 matched, 197859 lines/sec, ~3576.3%, ETA ~-223 min
  2720.0M lines, 3 matched, 197923 lines/sec, ~3578.9%, ETA ~-223 min
  2722.0M lines, 3 matched, 197970 lines/sec, ~3581.6%, ETA ~-223 min
  2724.0M lines, 3 matched, 198014 lines/sec, ~3584.2%, ETA ~-223 min
  2726.0M lines, 3 matched, 198073 lines/sec, ~3586.8%, ETA ~-223 min
  2728.0M lines, 3 matched, 198137 lines/sec, ~3589.5%, ETA ~-223 min
  2730.0M lines, 3 matched, 198199 lines/sec, ~3592.1%, ETA ~-223 min
  2732.0M lines, 3 matched, 198253 lines/sec, ~3594.7%, ETA ~-223 min
  2734.0M lines, 3 matched, 198307 lines/sec, ~3597.4%, ETA ~-223 min
  2736.0M lines, 3 matched, 198367 lines/sec, ~3600.0%, ETA ~-223 min
  2738.0M lines, 3 matched, 198438 lines/sec, ~3602.6%, ETA ~-224 min
  2740.0M lines, 3 matched, 198458 lines/sec, ~3605.3%, ETA ~-224 min
  2742.0M lines, 3 matched, 198508 lines/sec, ~3607.9%, ETA ~-224 min
  2744.0M lines, 3 matched, 198574 lines/sec, ~3610.5%, ETA ~-224 min
  2746.0M lines, 3 matched, 198632 lines/sec, ~3613.2%, ETA ~-224 min
  2748.0M lines, 3 matched, 198706 lines/sec, ~3615.8%, ETA ~-224 min
  2750.0M lines, 3 matched, 198774 lines/sec, ~3618.4%, ETA ~-224 min
  2752.0M lines, 3 matched, 198848 lines/sec, ~3621.1%, ETA ~-224 min
  2754.0M lines, 3 matched, 198909 lines/sec, ~3623.7%, ETA ~-224 min
  2756.0M lines, 3 matched, 198970 lines/sec, ~3626.3%, ETA ~-224 min
  2758.0M lines, 3 matched, 199028 lines/sec, ~3628.9%, ETA ~-225 min
  2760.0M lines, 3 matched, 199087 lines/sec, ~3631.6%, ETA ~-225 min
  2762.0M lines, 3 matched, 199149 lines/sec, ~3634.2%, ETA ~-225 min
  2764.0M lines, 3 matched, 199205 lines/sec, ~3636.8%, ETA ~-225 min
  2766.0M lines, 3 matched, 199261 lines/sec, ~3639.5%, ETA ~-225 min
  2768.0M lines, 3 matched, 199317 lines/sec, ~3642.1%, ETA ~-225 min
  2770.0M lines, 3 matched, 199377 lines/sec, ~3644.7%, ETA ~-225 min
  2772.0M lines, 3 matched, 199430 lines/sec, ~3647.4%, ETA ~-225 min
  2774.0M lines, 3 matched, 199475 lines/sec, ~3650.0%, ETA ~-225 min
  2776.0M lines, 3 matched, 199526 lines/sec, ~3652.6%, ETA ~-226 min
  2778.0M lines, 3 matched, 199591 lines/sec, ~3655.3%, ETA ~-226 min
  2780.0M lines, 3 matched, 199657 lines/sec, ~3657.9%, ETA ~-226 min
  2782.0M lines, 3 matched, 199713 lines/sec, ~3660.5%, ETA ~-226 min
  2784.0M lines, 3 matched, 199768 lines/sec, ~3663.2%, ETA ~-226 min
  2786.0M lines, 3 matched, 199830 lines/sec, ~3665.8%, ETA ~-226 min
  2788.0M lines, 3 matched, 199895 lines/sec, ~3668.4%, ETA ~-226 min
  2790.0M lines, 3 matched, 199958 lines/sec, ~3671.1%, ETA ~-226 min
  2792.0M lines, 3 matched, 200016 lines/sec, ~3673.7%, ETA ~-226 min
  2794.0M lines, 3 matched, 200074 lines/sec, ~3676.3%, ETA ~-226 min
  2796.0M lines, 3 matched, 200129 lines/sec, ~3678.9%, ETA ~-227 min
  2798.0M lines, 3 matched, 200186 lines/sec, ~3681.6%, ETA ~-227 min
  2800.0M lines, 3 matched, 200233 lines/sec, ~3684.2%, ETA ~-227 min
  2802.0M lines, 3 matched, 200284 lines/sec, ~3686.8%, ETA ~-227 min
  2804.0M lines, 3 matched, 200342 lines/sec, ~3689.5%, ETA ~-227 min
  2806.0M lines, 3 matched, 200414 lines/sec, ~3692.1%, ETA ~-227 min
  2808.0M lines, 3 matched, 200480 lines/sec, ~3694.7%, ETA ~-227 min
  2810.0M lines, 3 matched, 200543 lines/sec, ~3697.4%, ETA ~-227 min
  2812.0M lines, 3 matched, 200600 lines/sec, ~3700.0%, ETA ~-227 min
  2814.0M lines, 3 matched, 200648 lines/sec, ~3702.6%, ETA ~-227 min
  2816.0M lines, 3 matched, 200687 lines/sec, ~3705.3%, ETA ~-228 min
  2818.0M lines, 3 matched, 200739 lines/sec, ~3707.9%, ETA ~-228 min
  2820.0M lines, 3 matched, 200798 lines/sec, ~3710.5%, ETA ~-228 min
  2822.0M lines, 3 matched, 200854 lines/sec, ~3713.2%, ETA ~-228 min
  2824.0M lines, 3 matched, 200908 lines/sec, ~3715.8%, ETA ~-228 min
  2826.0M lines, 3 matched, 200957 lines/sec, ~3718.4%, ETA ~-228 min
  2828.0M lines, 3 matched, 201005 lines/sec, ~3721.1%, ETA ~-228 min
  2830.0M lines, 3 matched, 201061 lines/sec, ~3723.7%, ETA ~-228 min
  2832.0M lines, 3 matched, 201120 lines/sec, ~3726.3%, ETA ~-228 min
  2834.0M lines, 3 matched, 201180 lines/sec, ~3728.9%, ETA ~-228 min
  2836.0M lines, 3 matched, 201240 lines/sec, ~3731.6%, ETA ~-229 min
  2838.0M lines, 3 matched, 201316 lines/sec, ~3734.2%, ETA ~-229 min
  2840.0M lines, 3 matched, 201387 lines/sec, ~3736.8%, ETA ~-229 min
  2842.0M lines, 3 matched, 201460 lines/sec, ~3739.5%, ETA ~-229 min
  2844.0M lines, 3 matched, 201530 lines/sec, ~3742.1%, ETA ~-229 min
  2846.0M lines, 3 matched, 201575 lines/sec, ~3744.7%, ETA ~-229 min
  2848.0M lines, 3 matched, 201626 lines/sec, ~3747.4%, ETA ~-229 min
  2850.0M lines, 3 matched, 201679 lines/sec, ~3750.0%, ETA ~-229 min
  2852.0M lines, 3 matched, 201740 lines/sec, ~3752.6%, ETA ~-229 min
  2854.0M lines, 3 matched, 201795 lines/sec, ~3755.3%, ETA ~-229 min
  2856.0M lines, 3 matched, 201840 lines/sec, ~3757.9%, ETA ~-230 min
  2858.0M lines, 3 matched, 201872 lines/sec, ~3760.5%, ETA ~-230 min
  2860.0M lines, 3 matched, 201938 lines/sec, ~3763.2%, ETA ~-230 min
  2862.0M lines, 3 matched, 202002 lines/sec, ~3765.8%, ETA ~-230 min
  2864.0M lines, 3 matched, 202071 lines/sec, ~3768.4%, ETA ~-230 min
  2866.0M lines, 3 matched, 202140 lines/sec, ~3771.1%, ETA ~-230 min
  2868.0M lines, 3 matched, 202207 lines/sec, ~3773.7%, ETA ~-230 min
  2870.0M lines, 3 matched, 202273 lines/sec, ~3776.3%, ETA ~-230 min
  2872.0M lines, 3 matched, 202341 lines/sec, ~3778.9%, ETA ~-230 min
  2874.0M lines, 3 matched, 202399 lines/sec, ~3781.6%, ETA ~-230 min
  2876.0M lines, 3 matched, 202451 lines/sec, ~3784.2%, ETA ~-231 min
  2878.0M lines, 3 matched, 202505 lines/sec, ~3786.8%, ETA ~-231 min
  2880.0M lines, 3 matched, 202563 lines/sec, ~3789.5%, ETA ~-231 min
  2882.0M lines, 3 matched, 202627 lines/sec, ~3792.1%, ETA ~-231 min
  2884.0M lines, 3 matched, 202688 lines/sec, ~3794.7%, ETA ~-231 min
  2886.0M lines, 3 matched, 202753 lines/sec, ~3797.4%, ETA ~-231 min
  2888.0M lines, 3 matched, 202818 lines/sec, ~3800.0%, ETA ~-231 min
  2890.0M lines, 3 matched, 202880 lines/sec, ~3802.6%, ETA ~-231 min
  2892.0M lines, 3 matched, 202937 lines/sec, ~3805.3%, ETA ~-231 min
  2894.0M lines, 3 matched, 202999 lines/sec, ~3807.9%, ETA ~-231 min
  2896.0M lines, 3 matched, 203053 lines/sec, ~3810.5%, ETA ~-231 min
  2898.0M lines, 3 matched, 203107 lines/sec, ~3813.2%, ETA ~-232 min
  2900.0M lines, 3 matched, 203167 lines/sec, ~3815.8%, ETA ~-232 min
  2902.0M lines, 3 matched, 203226 lines/sec, ~3818.4%, ETA ~-232 min
  2904.0M lines, 3 matched, 203291 lines/sec, ~3821.1%, ETA ~-232 min
  2906.0M lines, 3 matched, 203349 lines/sec, ~3823.7%, ETA ~-232 min
  2908.0M lines, 3 matched, 203403 lines/sec, ~3826.3%, ETA ~-232 min
  2910.0M lines, 3 matched, 203463 lines/sec, ~3828.9%, ETA ~-232 min
  2912.0M lines, 3 matched, 203517 lines/sec, ~3831.6%, ETA ~-232 min
  2914.0M lines, 3 matched, 203574 lines/sec, ~3834.2%, ETA ~-232 min
  2916.0M lines, 3 matched, 203619 lines/sec, ~3836.8%, ETA ~-232 min
  2918.0M lines, 3 matched, 203663 lines/sec, ~3839.5%, ETA ~-233 min
  2920.0M lines, 3 matched, 203717 lines/sec, ~3842.1%, ETA ~-233 min
  2922.0M lines, 3 matched, 203768 lines/sec, ~3844.7%, ETA ~-233 min
  2924.0M lines, 3 matched, 203820 lines/sec, ~3847.4%, ETA ~-233 min
  2926.0M lines, 3 matched, 203867 lines/sec, ~3850.0%, ETA ~-233 min
  2928.0M lines, 3 matched, 203925 lines/sec, ~3852.6%, ETA ~-233 min
  2930.0M lines, 3 matched, 203978 lines/sec, ~3855.3%, ETA ~-233 min
  2932.0M lines, 3 matched, 204028 lines/sec, ~3857.9%, ETA ~-233 min
  2934.0M lines, 3 matched, 204089 lines/sec, ~3860.5%, ETA ~-233 min
  2936.0M lines, 3 matched, 204137 lines/sec, ~3863.2%, ETA ~-234 min
  2938.0M lines, 3 matched, 204195 lines/sec, ~3865.8%, ETA ~-234 min
  2940.0M lines, 3 matched, 204255 lines/sec, ~3868.4%, ETA ~-234 min
  2942.0M lines, 3 matched, 204311 lines/sec, ~3871.1%, ETA ~-234 min
  2944.0M lines, 3 matched, 204371 lines/sec, ~3873.7%, ETA ~-234 min
  2946.0M lines, 3 matched, 204428 lines/sec, ~3876.3%, ETA ~-234 min
  2948.0M lines, 3 matched, 204482 lines/sec, ~3878.9%, ETA ~-234 min
  2950.0M lines, 3 matched, 204529 lines/sec, ~3881.6%, ETA ~-234 min
  2952.0M lines, 3 matched, 204538 lines/sec, ~3884.2%, ETA ~-234 min
  2954.0M lines, 3 matched, 204589 lines/sec, ~3886.8%, ETA ~-234 min
  2956.0M lines, 3 matched, 204643 lines/sec, ~3889.5%, ETA ~-235 min
  2958.0M lines, 3 matched, 204706 lines/sec, ~3892.1%, ETA ~-235 min
  2960.0M lines, 3 matched, 204764 lines/sec, ~3894.7%, ETA ~-235 min
  2962.0M lines, 3 matched, 204827 lines/sec, ~3897.4%, ETA ~-235 min
  2964.0M lines, 3 matched, 204887 lines/sec, ~3900.0%, ETA ~-235 min
  2966.0M lines, 3 matched, 204937 lines/sec, ~3902.6%, ETA ~-235 min
  2968.0M lines, 3 matched, 204978 lines/sec, ~3905.3%, ETA ~-235 min
  2970.0M lines, 3 matched, 205029 lines/sec, ~3907.9%, ETA ~-235 min
  2972.0M lines, 3 matched, 205079 lines/sec, ~3910.5%, ETA ~-235 min
  2974.0M lines, 3 matched, 205125 lines/sec, ~3913.2%, ETA ~-235 min
  2976.0M lines, 3 matched, 205161 lines/sec, ~3915.8%, ETA ~-236 min
  2978.0M lines, 3 matched, 205202 lines/sec, ~3918.4%, ETA ~-236 min
  2980.0M lines, 3 matched, 205225 lines/sec, ~3921.1%, ETA ~-236 min
  2982.0M lines, 3 matched, 205271 lines/sec, ~3923.7%, ETA ~-236 min
  2984.0M lines, 3 matched, 205293 lines/sec, ~3926.3%, ETA ~-236 min
  2986.0M lines, 3 matched, 205327 lines/sec, ~3928.9%, ETA ~-236 min
  2988.0M lines, 3 matched, 205374 lines/sec, ~3931.6%, ETA ~-236 min
  2990.0M lines, 3 matched, 205433 lines/sec, ~3934.2%, ETA ~-236 min
  2992.0M lines, 3 matched, 205493 lines/sec, ~3936.8%, ETA ~-237 min
  2994.0M lines, 3 matched, 205551 lines/sec, ~3939.5%, ETA ~-237 min
  2996.0M lines, 3 matched, 205605 lines/sec, ~3942.1%, ETA ~-237 min
  2998.0M lines, 3 matched, 205668 lines/sec, ~3944.7%, ETA ~-237 min
  3000.0M lines, 3 matched, 205729 lines/sec, ~3947.4%, ETA ~-237 min
  3002.0M lines, 3 matched, 205787 lines/sec, ~3950.0%, ETA ~-237 min
  3004.0M lines, 3 matched, 205842 lines/sec, ~3952.6%, ETA ~-237 min
  3006.0M lines, 3 matched, 205899 lines/sec, ~3955.3%, ETA ~-237 min
  3008.0M lines, 3 matched, 205969 lines/sec, ~3957.9%, ETA ~-237 min
  3010.0M lines, 3 matched, 206043 lines/sec, ~3960.5%, ETA ~-237 min
  3012.0M lines, 3 matched, 206121 lines/sec, ~3963.2%, ETA ~-237 min
  3014.0M lines, 3 matched, 206199 lines/sec, ~3965.8%, ETA ~-237 min
  3016.0M lines, 3 matched, 206270 lines/sec, ~3968.4%, ETA ~-238 min
  3018.0M lines, 3 matched, 206338 lines/sec, ~3971.1%, ETA ~-238 min
  3020.0M lines, 3 matched, 206402 lines/sec, ~3973.7%, ETA ~-238 min
  3022.0M lines, 3 matched, 206463 lines/sec, ~3976.3%, ETA ~-238 min
  3024.0M lines, 3 matched, 206527 lines/sec, ~3978.9%, ETA ~-238 min
  3026.0M lines, 3 matched, 206594 lines/sec, ~3981.6%, ETA ~-238 min
  3028.0M lines, 3 matched, 206655 lines/sec, ~3984.2%, ETA ~-238 min
  3030.0M lines, 3 matched, 206720 lines/sec, ~3986.8%, ETA ~-238 min
  3032.0M lines, 3 matched, 206786 lines/sec, ~3989.5%, ETA ~-238 min
  3034.0M lines, 3 matched, 206863 lines/sec, ~3992.1%, ETA ~-238 min
  3036.0M lines, 3 matched, 206931 lines/sec, ~3994.7%, ETA ~-238 min
  3038.0M lines, 3 matched, 207002 lines/sec, ~3997.4%, ETA ~-238 min
  3040.0M lines, 3 matched, 207068 lines/sec, ~4000.0%, ETA ~-239 min
  3042.0M lines, 3 matched, 207131 lines/sec, ~4002.6%, ETA ~-239 min
  3044.0M lines, 3 matched, 207198 lines/sec, ~4005.3%, ETA ~-239 min
  3046.0M lines, 3 matched, 207272 lines/sec, ~4007.9%, ETA ~-239 min
  3048.0M lines, 3 matched, 207355 lines/sec, ~4010.5%, ETA ~-239 min
  3050.0M lines, 3 matched, 207439 lines/sec, ~4013.2%, ETA ~-239 min
  3052.0M lines, 3 matched, 207522 lines/sec, ~4015.8%, ETA ~-239 min
  3054.0M lines, 3 matched, 207598 lines/sec, ~4018.4%, ETA ~-239 min
  3056.0M lines, 3 matched, 207669 lines/sec, ~4021.1%, ETA ~-239 min
  3058.0M lines, 3 matched, 207721 lines/sec, ~4023.7%, ETA ~-239 min
  3060.0M lines, 3 matched, 207796 lines/sec, ~4026.3%, ETA ~-239 min
  3062.0M lines, 3 matched, 207872 lines/sec, ~4028.9%, ETA ~-239 min
  3064.0M lines, 3 matched, 207936 lines/sec, ~4031.6%, ETA ~-239 min
  3066.0M lines, 3 matched, 207987 lines/sec, ~4034.2%, ETA ~-240 min
  3068.0M lines, 3 matched, 208052 lines/sec, ~4036.8%, ETA ~-240 min
  3070.0M lines, 3 matched, 208112 lines/sec, ~4039.5%, ETA ~-240 min
  3072.0M lines, 3 matched, 208178 lines/sec, ~4042.1%, ETA ~-240 min
  3074.0M lines, 3 matched, 208235 lines/sec, ~4044.7%, ETA ~-240 min
  3076.0M lines, 3 matched, 208296 lines/sec, ~4047.4%, ETA ~-240 min
  3078.0M lines, 3 matched, 208338 lines/sec, ~4050.0%, ETA ~-240 min
  3080.0M lines, 3 matched, 208400 lines/sec, ~4052.6%, ETA ~-240 min
  3082.0M lines, 3 matched, 208457 lines/sec, ~4055.3%, ETA ~-240 min
  3084.0M lines, 3 matched, 208509 lines/sec, ~4057.9%, ETA ~-240 min
  3086.0M lines, 3 matched, 208567 lines/sec, ~4060.5%, ETA ~-241 min
  3088.0M lines, 3 matched, 208615 lines/sec, ~4063.2%, ETA ~-241 min
  3090.0M lines, 3 matched, 208684 lines/sec, ~4065.8%, ETA ~-241 min
  3092.0M lines, 3 matched, 208744 lines/sec, ~4068.4%, ETA ~-241 min
  3094.0M lines, 3 matched, 208804 lines/sec, ~4071.1%, ETA ~-241 min
  3096.0M lines, 3 matched, 208851 lines/sec, ~4073.7%, ETA ~-241 min
  3098.0M lines, 3 matched, 208886 lines/sec, ~4076.3%, ETA ~-241 min
  3100.0M lines, 3 matched, 208921 lines/sec, ~4078.9%, ETA ~-241 min
  3102.0M lines, 3 matched, 208968 lines/sec, ~4081.6%, ETA ~-241 min
  3104.0M lines, 3 matched, 209020 lines/sec, ~4084.2%, ETA ~-241 min
  3106.0M lines, 3 matched, 209055 lines/sec, ~4086.8%, ETA ~-242 min
  3108.0M lines, 3 matched, 209097 lines/sec, ~4089.5%, ETA ~-242 min
  3110.0M lines, 3 matched, 209139 lines/sec, ~4092.1%, ETA ~-242 min
  3112.0M lines, 3 matched, 209171 lines/sec, ~4094.7%, ETA ~-242 min
  3114.0M lines, 3 matched, 209188 lines/sec, ~4097.4%, ETA ~-242 min
  3116.0M lines, 3 matched, 209228 lines/sec, ~4100.0%, ETA ~-242 min
  3118.0M lines, 3 matched, 209261 lines/sec, ~4102.6%, ETA ~-242 min
  3120.0M lines, 3 matched, 209299 lines/sec, ~4105.3%, ETA ~-242 min
  3122.0M lines, 3 matched, 209344 lines/sec, ~4107.9%, ETA ~-243 min
  3124.0M lines, 3 matched, 209378 lines/sec, ~4110.5%, ETA ~-243 min
  3126.0M lines, 3 matched, 209412 lines/sec, ~4113.2%, ETA ~-243 min
  3128.0M lines, 3 matched, 209443 lines/sec, ~4115.8%, ETA ~-243 min

=== COMPLETE ===
  Lines scanned: 3,129,319,510
  Rows matched: 3
  Output: C:\Users\email\projects\ImNotAnAttorney-web\data\bulk-verify\cl-bulk\opinions-filtered.csv (0.0 MB)
  Time: 249.0 min (209459 lines/sec)

All downstream scripts can now read opinions-filtered.csv instead of the 50GB bz2.
